x,y,velocity,curvature
34.87416413173595,30.856920853304096,1.3,0.0007010389407118054
36.96523250360086,32.57120401530691,1.4000000000000001,0.0010442923980458194
39.072470938054124,34.285488007274,1.5000000000000002,0.00137323628728245
41.19587944679384,35.99977280096367,1.6,0.0013543771789948041
43.3354580413836,37.71405836845894,1.7000000000000002,0.001335807101309645
45.491206733252504,39.42834468216754,1.8000000000000003,0.0013175219743250003
47.663125533695144,41.14263171482189,1.9000000000000004,0.0012995177386305062
49.85121445387163,42.85691943947911,2.0000000000000004,0.0012817903575702823
52.05547350480756,44.57120782952102,2.1000000000000005,0.001264335819349358
54.27590269739405,46.28549685865416,2.2000000000000006,0.0012471501389876413
56.51250204238773,47.99978650090976,2.3000000000000007,0.0012302293601311452
58.765271550410716,49.71407673064374,2.400000000000001,0.001213569556727666
61.03421123195063,51.42836752253674,2.500000000000001,0.00119716683456928
63.3193210973606,53.142658851594085,2.500000000000001,0.0011810173327143007
65.62060115685924,54.85695069314582,2.500000000000001,0.001165117224788236
67.93805142053073,56.57124302284667,2.500000000000001,0.00114946272017043
70.2716718983247,58.285535816676095,2.500000000000001,0.010631243864636791
72.62146260005628,59.99982905093822,2.500000000000001,0.100999334989682
73.18741413643352,59.99985967910339,2.500000000000001,1.3379283525464811
73.75336608695117,59.99988930744511,2.500000000000001,3.086071853277462e-06
74.3193184469019,59.99991794732796,2.500000000000001,3.050583942201281e-06
74.88527121157833,59.999945610116484,2.500000000000001,3.0150962594510343e-06
75.45122437627313,59.999972307175234,2.500000000000001,2.979608791275985e-06
76.01717793627897,59.999998049868786,2.500000000000001,2.9441215572043485e-06
76.58313188688845,60.000022849561674,2.500000000000001,2.9086345379464655e-06
77.14908622339425,60.000046717618474,2.500000000000001,2.8731477419381465e-06
77.71504094108899,60.00006966540373,2.500000000000001,2.8376611665240922e-06
78.28099603526533,60.000091704282,2.500000000000001,2.802174786864925e-06
78.84695150121593,60.000112845617835,2.500000000000001,2.7666886113972555e-06
79.41290733423341,60.00013310077581,2.500000000000001,2.7312026651950946e-06
79.97886352961044,60.00015248112047,2.500000000000001,2.695716928966193e-06
80.54482008263963,60.00017099801637,2.500000000000001,2.660231377872015e-06
81.11077698861368,60.000188662828066,2.500000000000001,2.6247460203481853e-06
81.67673424282519,60.000205486920116,2.500000000000001,2.589260864831599e-06
82.24269184056685,60.00022148165708,2.500000000000001,2.553775903120125e-06
82.80864977713128,60.00023665840351,2.500000000000001,2.5182911381047377e-06
83.37460804781112,60.00025102852397,2.500000000000001,2.4828065671307806e-06
83.94056664789903,60.000264603383,2.500000000000001,2.4473221764505485e-06
84.50652557268765,60.000277394345176,2.500000000000001,2.411837963409021e-06
85.07248481746961,60.00028941277503,2.500000000000001,2.376353919805499e-06
85.63844437753758,60.00030067003715,2.500000000000001,2.340870065167496e-06
86.2044042481842,60.00031117749607,2.500000000000001,2.3053863968380876e-06
86.77036442470217,60.00032094651636,2.500000000000001,2.2699028955244084e-06
87.33632490238405,60.00032998846257,2.500000000000001,2.2344195585732945e-06
87.90228567652251,60.00033831469925,2.500000000000001,2.1989363888746243e-06
88.46824674241022,60.00034593659097,2.500000000000001,2.1634534004086486e-06
89.0342080953398,60.00035286550227,2.500000000000001,2.1279705627919495e-06
89.60016973060392,60.00035911279771,2.500000000000001,2.0924878567324115e-06
90.16613164349522,60.00036468984186,2.500000000000001,2.0570053239393353e-06
90.73209382930635,60.000369607999275,2.500000000000001,2.0215229673030926e-06
91.29805628332993,60.000373878634505,2.500000000000001,1.9860407564402303e-06
91.86401900085863,60.000377513112106,2.500000000000001,1.9505586886944904e-06
92.42998197718512,60.00038052279663,2.500000000000001,1.915076755864604e-06
92.99594520760202,60.00038291905264,2.500000000000001,1.8795949663871406e-06
93.56190868740194,60.0003847132447,2.500000000000001,1.8441133453341694e-06
94.1278724118776,60.00038591673735,2.500000000000001,1.8086318401392317e-06
94.69383637632158,60.00038654089514,2.500000000000001,1.7731504536927313e-06
95.25980057602658,60.00038659708267,2.500000000000001,1.7376692277037503e-06
95.82576500628521,60.00038609666444,2.500000000000001,1.7021881206974413e-06
96.39172966239013,60.000385051005054,2.500000000000001,1.6667071522005492e-06
96.957694539634,60.00038347146904,2.500000000000001,1.6312262973751265e-06
97.52365963330945,60.00038136942096,2.500000000000001,1.595745553565395e-06
98.08962493870912,60.00037875622539,2.500000000000001,1.5602649680260461e-06
98.65559045112569,60.00037564324685,2.500000000000001,1.524784466008899e-06
99.22155616585175,60.000372041849914,2.500000000000001,1.4893040670403125e-06
99.78752207818,60.00036796339916,2.500000000000001,1.453823812829379e-06
100.35348818340306,60.00036341925911,2.500000000000001,1.418343650810347e-06
100.9194544768136,60.00035842079434,2.500000000000001,1.3828635894187884e-06
101.48542095370422,60.00035297936941,2.500000000000001,1.3473836426351144e-06
102.0513876093676,60.00034710634887,2.500000000000001,1.3119038022580934e-06
102.61735443909639,60.000340813097274,2.500000000000001,1.2764240600869081e-06
103.18332143818321,60.000334110979175,2.500000000000001,1.2409443968289833e-06
103.74928860192077,60.00032701135913,2.500000000000001,1.2054648320108097e-06
104.31525592560162,60.00031952560171,2.500000000000001,1.1699853629760645e-06
104.88122340451851,60.00031166507145,2.500000000000001,1.134505970433523e-06
105.447191033964,60.00030344113293,2.500000000000001,1.0990266683633377e-06
106.01315880923077,60.000294865150686,2.500000000000001,1.0635474541088395e-06
106.57912672561147,60.00028594848929,2.500000000000001,1.0280683250155923e-06
107.14509477839876,60.00027670251329,2.500000000000001,9.925892673364575e-07
107.71106296288525,60.00026713858724,2.500000000000001,9.571102728695345e-07
108.27703127436362,60.0002572680757,2.500000000000001,9.216313500506381e-07
108.84299970812651,60.00024710234323,2.500000000000001,8.861525073150918e-07
109.40896825946656,60.00023665275439,2.500000000000001,8.506737309157879e-07
109.97493692367642,60.00022593067372,2.500000000000001,8.151950126514052e-07
110.54090569604872,60.0002149474658,2.500000000000001,7.797163720477744e-07
111.10687457187613,60.000203714495164,2.500000000000001,7.442377787220423e-07
111.67284354645129,60.00019224312637,2.500000000000001,7.087592189274054e-07
112.23881261506683,60.00018054472399,2.500000000000001,6.732807288259961e-07
112.80478177301542,60.000168630652574,2.500000000000001,6.378023002173343e-07
113.3707510155897,60.000156512276675,2.500000000000001,6.023239138086094e-07
113.9367203380823,60.000144200960854,2.500000000000001,5.668455724887178e-07
114.50268973578589,60.00013170806966,2.500000000000001,5.313672625122303e-07
115.0686592039931,60.000119044967654,2.500000000000001,4.958889923139016e-07
115.6346287379966,60.0001062230194,2.500000000000001,4.604107703281181e-07
116.20059833308899,60.00009325358945,2.500000000000001,4.249325883534844e-07
116.76656798456295,60.00008014804236,2.500000000000001,3.894544326438538e-07
117.33253768771115,60.00006691774267,2.500000000000001,3.5397630054392863e-07
117.8985074378262,60.00005357405497,2.500000000000001,3.1849820603333557e-07
118.46447723020076,60.00004012834378,2.500000000000001,2.830201131828754e-07
119.03044706012746,60.00002659197367,2.500000000000001,2.475420359739911e-07
119.59641692289898,60.00001297630922,2.500000000000001,2.120640161154103e-07
120.16238681380793,59.99999929271497,2.500000000000001,1.765859954948603e-07
120.72835672814696,59.99998555255546,2.500000000000001,1.411079770016861e-07
121.29432666120873,59.99997176719528,2.500000000000001,1.0562999125384742e-07
121.86029660828589,59.99995794799894,2.500000000000001,7.015200232325473e-08
122.4262665646711,59.99994410633104,2.500000000000001,3.467401309927576e-08
122.99223652565696,59.99993025355611,2.500000000000001,8.039790758724369e-10
123.55820648653615,59.99991640103872,2.500000000000001,3.628197131120597e-08
124.12417644260134,59.99990256014342,2.500000000000001,7.17599551702366e-08
124.69014638914513,59.99988874223477,2.500000000000001,1.0723794440148542e-07
125.25611632146018,59.99987495867733,2.500000000000001,1.4271594166136633e-07
125.82208623483913,59.999861220835655,2.500000000000001,1.7819394960520598e-07
126.38805612457466,59.99984754007429,2.500000000000001,2.1367197643357655e-07
126.95402598595939,59.999833927757805,2.500000000000001,2.4915002480237193e-07
127.51999581428598,59.99982039525075,2.500000000000001,2.8462809182250185e-07
128.08596560484705,59.99980695391769,2.500000000000001,3.2010616351436804e-07
128.65193535293525,59.99979361512318,2.500000000000001,3.5558424807772095e-07
129.21790505384328,59.99978039023176,2.500000000000001,3.9106237589603666e-07
129.7838747028637,59.999767290608,2.500000000000001,4.26540560717727e-07
130.34984429528924,59.999754327616444,2.500000000000001,4.6201875528751717e-07
130.9158138264125,59.99974151262168,2.500000000000001,4.974969622617854e-07
131.48178329152614,59.99972885698822,2.500000000000001,5.329752452970165e-07
132.0477526859228,59.99971637208066,2.500000000000001,5.684535515934799e-07
132.61372200489515,59.999704069263544,2.500000000000001,6.03931883807031e-07
133.1796912437358,59.99969195990142,2.500000000000001,6.394102778690396e-07
133.74566039773737,59.99968005535885,2.500000000000001,6.748887142511741e-07
134.31162946219263,59.99966836700039,2.500000000000001,7.103672122437299e-07
134.87759843239408,59.999656906190594,2.500000000000001,7.458457523241601e-07
135.44356730363447,59.99964568429403,2.500000000000001,7.813243371472187e-07
136.00953607120638,59.99963471267523,2.500000000000001,8.168029970955667e-07
136.5755047304025,59.99962400269877,2.500000000000001,8.522817292795098e-07
137.14147327651548,59.9996135657292,2.500000000000001,8.877605308098758e-07
137.70744170483792,59.99960341313109,2.500000000000001,9.232393710699767e-07
138.2734100106625,59.99959355626899,2.500000000000001,9.587182693513583e-07
138.83937818928186,59.99958400650745,2.500000000000001,9.941972560371493e-07
139.40534623598867,59.99957477521102,2.500000000000001,1.0296763226921728e-06
139.97131414607554,59.99956587374427,2.500000000000001,1.0651554775188495e-06
140.53728191483515,59.99955731347175,2.500000000000001,1.100634695443743e-06
141.10324953756015,59.99954910575802,2.500000000000001,1.136113984668769e-06
141.6692170095431,59.99954126196763,2.500000000000001,1.1715933811241032e-06
142.23518432607676,59.99953379346514,2.500000000000001,1.207072865282052e-06
142.8011514824537,59.99952671161511,2.500000000000001,1.2425524287078961e-06
143.3671184739666,59.9995200277821,2.500000000000001,1.278032090693639e-06
143.9330852959081,59.99951375333065,2.500000000000001,1.31351183725799e-06
144.4990519435709,59.99950789962534,2.500000000000001,1.3489916876936958e-06
145.06501841224755,59.9995024780307,2.500000000000001,1.3844716557479934e-06
145.63098469723073,59.999497499911314,2.500000000000001,1.4199517108038558e-06
146.19695079381307,59.999492976631714,2.500000000000001,1.4554318721529416e-06
146.7629166972873,59.99948891955648,2.500000000000001,1.4909121424497194e-06
147.32888240294602,59.99948534005014,2.500000000000001,1.5263925298965789e-06
147.89484790608182,59.999482249477275,2.500000000000001,1.5618730371503902e-06
148.46081320198738,59.999479659202436,2.500000000000001,1.5973536446831015e-06
149.0267782859554,59.999477580590174,2.500000000000001,1.6328343717870447e-06
149.59274315327846,59.999476025005045,2.500000000000001,1.6683152322096036e-06
150.15870779924927,59.999475003811604,2.500000000000001,1.703796223060654e-06
150.72467221916042,59.999474528374414,2.500000000000001,1.7392773469961031e-06
151.29063640830458,59.99947461005803,2.500000000000001,1.774758590034567e-06
151.8566003619744,59.99947526022702,2.500000000000001,1.8102399381948198e-06
152.42256407546247,59.999476490245925,2.500000000000001,1.8457214384972257e-06
152.98852754406153,59.999478311479294,2.500000000000001,1.8812030991431052e-06
153.5544907630642,59.9994807352917,2.500000000000001,1.9166848895147457e-06
154.1204537277631,59.999483773047686,2.500000000000001,1.952166828904557e-06
154.6864164334509,59.99948743611182,2.500000000000001,1.9876489144220926e-06
155.2523788754202,59.999491735848665,2.500000000000001,2.023131132085879e-06
155.81834104896367,59.999496683622766,2.500000000000001,2.0586134956430717e-06
156.384302949374,59.99950229079868,2.500000000000001,2.094096024386372e-06
156.95026457194376,59.99950856874096,2.500000000000001,2.12957872651633e-06
157.51622591196565,59.999515528814165,2.500000000000001,2.165061571414661e-06
158.08218696473233,59.99952318238286,2.500000000000001,2.2005445728290037e-06
158.6481477255364,59.99953154081158,2.500000000000001,2.2360277611427743e-06
159.21410818967055,59.99954061546491,2.500000000000001,2.271511105736637e-06
159.78006835242738,59.99955041770739,2.500000000000001,2.306994609266405e-06
160.34602820909961,59.99956095890358,2.500000000000001,2.3424782965722653e-06
160.9119877549798,59.99957225041803,2.500000000000001,2.377962159216131e-06
161.47794698536063,59.999584303615315,2.500000000000001,2.413446188760368e-06
162.04390589553475,59.99959712985997,2.500000000000001,2.4489304100470188e-06
162.60986448079484,59.99961074051656,2.500000000000001,2.484414825730205e-06
163.17582273643345,59.99962514694965,2.500000000000001,2.5198994051881134e-06
163.74178065774336,59.999640360523784,2.500000000000001,2.5553841677183745e-06
164.30773824001713,59.99965639260352,2.500000000000001,2.590869149248743e-06
164.8736954785474,59.999673254553414,2.500000000000001,2.6263543302489876e-06
165.43965236862687,59.99969095773804,2.500000000000001,2.661839674556906e-06
166.00560890554812,59.99970951352194,2.500000000000001,2.6973252070092247e-06
166.57156508460386,59.999728933269665,2.500000000000001,2.732810974628891e-06
167.1375209010867,59.99974922834577,2.500000000000001,2.7682969578884445e-06
167.70347635028932,59.99977041011483,2.500000000000001,2.803783126167691e-06
168.26943142750432,59.999792489941385,2.500000000000001,2.8392694987583035e-06
168.83538612802437,59.99981547919,2.500000000000001,2.8747560949526793e-06
169.4013404471421,59.99983938922522,2.500000000000001,2.910242906314352e-06
169.9672943801502,59.99986423141162,2.500000000000001,2.945729929957396e-06
170.53324792234133,59.99989001711374,2.500000000000001,2.9812171907194226e-06
171.09920106900802,59.99991675769615,2.500000000000001,3.016704657970862e-06
171.665153815443,59.99994446452341,2.500000000000001,3.0521923288283414e-06
172.23110615693895,59.999973148960045,2.500000000000001,3.0876802669567532e-06
172.79705808878845,60.00000282237064,2.500000000000001,3.1231684361815233e-06
173.36300960628415,60.00003349611975,2.500000000000001,3.1586568114275476e-06
173.92896070471875,60.00006518157192,2.500000000000001,3.1941454341781394e-06
174.4949113793849,60.00009789009171,2.500000000000001,3.229634312635156e-06
175.06086162557517,60.00013163304368,2.500000000000001,3.2651234272624687e-06
175.62681143858225,60.00016642179239,2.500000000000001,3.300612764079268e-06
176.1927608136988,60.0002022677024,2.500000000000001,3.336102342382662e-06
176.75870974621745,60.000239182138245,2.500000000000001,3.3715922036449214e-06
177.32465823143085,60.000277176464486,2.500000000000001,3.407082328337208e-06
177.89060626463163,60.00031626204571,2.500000000000001,3.4425726747499728e-06
178.45655384111248,60.00035645024644,2.500000000000001,3.478063262179304e-06
179.022500956166,60.000397752431255,2.500000000000001,3.513554143184545e-06
179.5884476050848,60.00044017996468,2.500000000000001,3.549045303781643e-06
180.15439378316165,60.000483744211316,2.500000000000001,3.5845366856318596e-06
180.7203394856891,60.00052845653568,2.500000000000001,3.6200283412974363e-06
181.28628470795982,60.00057432830235,2.500000000000001,3.655520301157443e-06
181.85222944526646,60.00062137087587,2.500000000000001,3.691012523505703e-06
182.41817369290172,60.00066959562081,2.500000000000001,3.726504999911155e-06
182.98411744615817,60.00071901390172,2.500000000000001,3.7619977718417345e-06
183.55006070032846,60.00076963708315,2.500000000000001,3.797490836401581e-06
184.11600345070525,60.00082147652968,2.500000000000001,3.832984157428896e-06
184.6819456925812,60.00087454360584,2.500000000000001,3.868477770856635e-06
185.24788742124895,60.00092884967619,2.500000000000001,3.9039716904277e-06
185.81382863200113,60.000984406105296,2.500000000000001,3.939465896616419e-06
186.37976932013046,60.00104122425771,2.500000000000001,3.974960392082637e-06
186.94570948092948,60.00109931549799,2.500000000000001,4.010455196103565e-06
187.5116491096909,60.00115869119069,2.500000000000001,4.0353163211598575e-06
188.07758820170736,60.001219362700375,2.500000000000001,3.7440706920931057e-06
188.6435267579144,60.0012813277684,2.500000000000001,2.2495352556587594e-06
189.20946493570312,60.00134420641902,2.500000000000001,1.364199659294388e-06
189.7754032124303,60.00140684621112,2.500000000000001,7.436100511378668e-06
190.3413423936059,60.00146730247164,2.500000000000001,1.5981487350728575e-05
190.90728361289305,60.00152283829551,2.500000000000001,2.70001235845625e-05
191.47322833210825,60.001569924545734,2.500000000000001,4.049160256734159e-05
192.03917834122106,60.001604239853336,2.500000000000001,5.6455304482484196e-05
192.60513575835438,60.00162067061735,2.500000000000001,7.489035323066103e-05
193.17110302978432,60.001613311004846,2.500000000000001,9.57955734621221e-05
193.73708292994016,60.00157546295094,2.500000000000001,0.0001191694474508293
194.30307856140448,60.001499636158755,2.500000000000001,0.0001450100719065194
194.86909335491308,60.00137754809946,2.500000000000001,0.00017331511481961348
195.43513106935492,60.00120012401226,2.500000000000001,0.00020408177219960789
196.00119579177223,60.00095749690436,2.500000000000001,0.0002373067247278181
196.56729193736047,60.00063900755104,2.500000000000001,0.00027220163482950154
197.1334242494683,60.000233204495565,2.500000000000001,0.00029377359301834444
197.6995973829387,59.999728849953016,2.500000000000001,0.0002631502901187517
198.26580877438553,59.99913213248491,2.500000000000001,0.00014406637170033735
198.8320426564634,59.99848111783036,2.500000000000001,0.000599807093414053
199.39826986298513,59.9978462193939,2.500000000000001,0.004899467140551251
199.96416915074437,59.998002986881225,2.500000000000001,0.01533163622023821
200.52812934536416,60.00284113932447,2.500000000000001,0.026322788806384202
201.0882031527936,60.017061860431355,2.500000000000001,0.027511089771605844
201.64430318201738,60.0408761307762,2.500000000000001,0.017437935989247564
202.19821330826173,60.069977294594246,2.500000000000001,0.005066404641626665
202.75171987342,60.10005274105945,2.500000000000001,0.0019137445553289276
203.3056947569127,60.12899756705035,2.500000000000001,0.0023520307239529993
203.86009188457126,60.15692300544919,2.500000000000001,0.00046647844575720886
204.41435278245103,60.185177331627756,2.500000000000001,0.0022438900629710478
204.96823038710184,60.21435700951803,2.500000000000001,0.0010350878358535852
205.5218889466109,60.24406550916028,2.500000000000001,0.0020864718651112182
206.07585211887593,60.273038608555765,2.500000000000001,0.004223913874402212
206.63046699813,60.30043834809963,2.500000000000001,0.003042584424161665
207.18558784651924,60.32661657009525,2.500000000000001,0.002077816815956326
207.74057200355912,60.35312479420029,2.500000000000001,0.01113645406472381
208.29427988049162,60.38271423105003,2.500000000000001,0.02209844160305739
208.84510190134074,60.41927074079523,2.500000000000001,0.027992292318935408
209.3920163667778,60.46526092381195,2.500000000000001,0.021672133156769493
209.93596666227106,60.518407246108225,2.500000000000001,0.008964180931503352
210.479330146335,60.57297025651574,2.500000000000001,0.005613591534235014
211.02255239983722,60.62787422766085,2.500000000000001,0.014258047060016148
211.56396833812803,60.68713902948721,2.500000000000001,0.023766875077999936
212.10236950739105,60.753682127587865,2.500000000000001,0.02684523319221005
212.63743239054878,60.82828456127898,2.500000000000001,0.022597513645391934
213.1697184072626,60.90959094359983,2.500000000000001,0.013490064771816388
213.70051777942115,60.9944864033683,2.500000000000001,0.004722349585865712
214.23091755480084,61.080346575099774,2.500000000000001,1.4825167926980375e-05
214.76145727035853,61.16586890135574,2.500000000000001,0.000755927459762507
215.29212343614782,61.251085949748386,2.500000000000001,0.009126915096506608
215.8220532539911,61.33808069933957,2.500000000000001,0.023370547955771075
216.34918612832755,61.43182786787723,2.500000000000001,0.03281236240102307
216.87210168575703,61.53575654008595,2.500000000000001,0.027588680880355775
217.39160141107715,61.64793176049752,2.500000000000001,0.012837367947398511
217.9099693675439,61.762839312623925,2.500000000000001,0.002671635586584116
218.42838326592616,61.877635951158666,2.500000000000001,0.001779952340601868
218.9466662980542,61.992748528789335,2.500000000000001,0.003420989237859555
219.46438520357293,62.10922302854877,2.500000000000001,0.0013544663471859075
219.9818655905543,62.2262733630055,2.500000000000001,0.0034468356149760407
220.49979478463638,62.34224018124219,2.500000000000001,0.005587239861789489
221.01857270622716,62.45615798993978,2.500000000000001,0.0014642173683645536
221.53765254433878,62.569346907642604,2.500000000000001,0.008393002217388569
222.05592235674675,62.68449140048607,2.500000000000001,0.020341572277780818
222.57182967305064,62.80533946376082,2.500000000000001,0.028261130302896967
223.08438724285355,62.93427453076508,2.500000000000001,0.028350318000449463
223.59374649370986,63.07093102260156,2.500000000000001,0.02631713438841479
224.10063996661472,63.21354042814634,2.500000000000001,0.030496139194364405
224.60438934800572,63.363740340906624,2.500000000000001,0.03576327094302679
225.10389234611955,63.52419192914282,2.500000000000001,0.02913002246437354
225.59987145934338,63.69315092928893,2.500000000000001,0.010670907123251087
226.09485507424168,63.864513278877695,2.500000000000001,0.006492796620346929
226.59086188440543,64.03340541914734,2.500000000000001,0.014451827570982793
227.08855084345387,64.19823648913173,2.500000000000001,0.012527026608280725
227.58794361308725,64.3589541890081,2.500000000000001,0.00045985483028769693
228.0875363705335,64.51918906858633,2.500000000000001,0.016312484407880405
228.5848309315152,64.68497228303879,2.500000000000001,0.019352289661183446
229.07963441845052,64.85676948959966,2.500000000000001,0.010517123295762017
229.57356795265756,65.03066697377963,2.500000000000001,0.0027987825615723937
230.0673099004749,65.20502703421182,2.500000000000001,0.00037491732046206693
230.5611286078824,65.37920179819653,2.500000000000001,0.00033608478534832105
231.055142968124,65.55290414327013,2.500000000000001,0.008095695175891654
231.548547888318,65.72807765769096,2.500000000000001,0.021117030289054876
232.039573333747,65.90899560369435,2.500000000000001,0.029789091784922245
232.52710159744967,66.09835653017244,2.500000000000001,0.026843716515662825
233.01151869105985,66.29522885911179,2.500000000000001,0.01421382027485469
233.49441776600938,66.49576658924514,2.500000000000001,0.00047261208689279983
233.97751579384183,66.69582395371867,2.500000000000001,0.0055276377283788635
234.46153595119475,66.89365409138519,2.500000000000001,0.0005911663633452178
234.9458250517726,67.0908334341751,2.500000000000001,0.01088749777440691
235.42889977002665,67.29094353311413,2.500000000000001,0.020784015509450745
235.90957746679942,67.49684350668157,2.500000000000001,0.020346672191236852
236.38756925590988,67.70923585337002,2.500000000000001,0.006145575966505185
236.86481861079722,67.92342627322246,2.500000000000001,0.008997756529744124
237.3436687362184,68.13374682076874,2.500000000000001,0.0062548046014671
237.82381950768942,68.34090479990046,2.500000000000001,0.012131027455929557
238.30235609928053,68.55192148131131,2.500000000000001,0.024794761400480418
238.77770061040334,68.77062850297688,2.500000000000001,0.019799917478301204
239.2506478806683,68.995179108743,2.500000000000001,0.005575504793944267
239.72334669222323,69.22045166186689,2.500000000000001,0.002948160222629637
240.19673637937726,69.44415922517028,2.500000000000001,0.002176609329501006
240.67033517111136,69.66733310096163,2.500000000000001,0.0018570015796980932
241.143654663359,69.8908918752919,2.500000000000001,0.007107525827885561
241.61773270272477,70.11215664314419,2.500000000000001,0.007477348460826007
242.09315687085567,70.33023639119715,2.500000000000001,0.006415728930139881
242.5684705958155,70.54950750320768,2.500000000000001,0.026687126503980387
243.0411194741549,70.77660687227258,2.500000000000001,0.03860200013620035
243.50964296818285,71.01473935183382,2.500000000000001,0.04029910833709621
243.97321589074235,71.26259821307288,2.500000000000001,0.04152200825289867
244.42938387254608,71.51901682367456,2.500000000000001,0.047323743988531265
244.87471824289003,71.78391500490868,2.500000000000001,0.056064773038586715
245.30652895157485,72.05794736344191,2.500000000000001,0.06427223155751183
245.72307098336927,72.34231494104843,2.500000000000001,0.06684138929092392
246.12422470204982,72.63711842612497,2.500000000000001,0.06192242643041951
246.51175728484014,72.94069658753595,2.500000000000001,0.053435106090407726
246.8883927950078,73.25185821977374,2.500000000000001,0.04441686569226542
247.25753010799812,73.57052034638309,2.500000000000001,0.03621494477604979
247.62217783624726,73.89633565573722,2.500000000000001,0.034702613758454966
247.98234728163527,74.22791194279195,2.500000000000001,0.0449405954331091
248.33403228871535,74.56578282876272,2.500000000000001,0.06110061511532972
248.6732906340188,74.91235722319954,2.500000000000001,0.07156243845272389
248.9986005575632,75.26973762822242,2.500000000000001,0.07208050451443254
249.3101185391786,75.63718107782262,2.500000000000001,0.06931328033094257
249.60843390476086,76.01305843845162,2.500000000000001,0.07099409811690743
249.89337688798565,76.39773121614478,2.500000000000001,0.07499929181996713
250.16421767209758,76.7930705004998,2.500000000000001,0.07386380512087037
250.42112469009427,77.19893381362901,2.500000000000001,0.06860232443943645
250.66509840276947,77.61332738215167,2.500000000000001,0.06692948244446609
250.8964705215226,78.03591393461845,2.500000000000001,0.07009616910330983
251.11447586754008,78.46846435061536,2.500000000000001,0.07185282124227498
251.318410830772,78.91188716552686,2.500000000000001,0.06956664773744844
251.50827118082154,79.36473827570968,2.500000000000001,0.06538282900281012
251.68436845258498,79.82618999611603,2.500000000000001,0.05898094438712641
251.84805403662278,80.29671975769216,2.500000000000001,0.047798776840718454
252.00164122616792,80.77640355164273,2.500000000000001,0.033974400933976655
252.14858768131833,81.26261546565613,2.500000000000001,0.02596618005498419
252.2908729655644,81.75351247923088,2.500000000000001,0.029613742634562967
252.42753156199254,82.25057179344078,2.500000000000001,0.041433307668637294
252.55516320371177,82.75714153852095,2.500000000000001,0.052343577092922075
252.66967973680642,83.27405231966132,2.500000000000001,0.05546172365380757
252.76911746561092,83.79949798051157,2.500000000000001,0.05103252987040297
252.85462906516346,84.33119364610774,2.500000000000001,0.043303599328420796
252.9279054293606,84.86759721761898,2.500000000000001,0.033519652596591246
252.99137100758674,85.4074520291731,2.500000000000001,0.021294991114868076
253.04866768371474,85.94943368359979,2.500000000000001,0.008961886934719686
253.10368278074515,86.4923130914147,2.500000000000001,0.00029027182827958266
253.15911833517538,87.03519126746126,2.500000000000001,0.005158048206601674
253.21637697968464,87.57751728465071,2.500000000000001,0.005465411414869012
253.27555179476022,88.1191170627096,2.500000000000001,0.0009757928706475952
253.33535433178687,88.66039755115676,2.500000000000001,0.008443618852113071
253.393083499924,89.20243499052432,2.500000000000001,0.020895817784727214
253.44464702672994,89.74696580626228,2.500000000000001,0.029547472245110305
253.48655135704038,90.2955146913921,2.500000000000001,0.026992846586943595
253.51947010347737,90.8478309875174,2.500000000000001,0.01548252190688372
253.54798991042247,91.40199160932161,2.500000000000001,0.005035025774354474
253.57568318995646,91.95649367905092,2.500000000000001,0.0006047043297460177
253.60334445047624,92.51100523222792,2.500000000000001,0.00046021592722752245
253.63116432920728,93.06544829344695,2.500000000000001,0.0008314517238961177
253.65925499808245,93.61977727029743,2.500000000000001,0.0009434035476126522
253.6876501637419,94.17397895336399,2.500000000000001,0.0007955512731475917
253.71630506753323,94.72807251622629,2.500000000000001,0.00038740893351695227
253.7450964855114,95.28210951545917,2.500000000000001,0.00022974128006894085
253.77382272843872,95.8361738906326,2.500000000000001,0.0007110535582463056
253.80226559973045,96.39035627997322,2.500000000000001,0.00045119812008268293
253.83048203246594,96.94463312378475,2.500000000000001,0.0009059651134196457
253.8588898161335,97.49883112687864,2.500000000000001,0.002513506363589101
253.88823579219863,98.05264044253798,2.500000000000001,0.0015896834357867656
253.9185469257667,98.6060495237563,2.500000000000001,0.003973975593150451
253.9479041037673,99.1598534620372,2.500000000000001,0.012705890173383196
253.97341777366248,99.71524941972582,2.500000000000001,0.020852206519549984
253.9921975676381,100.27343469829192,2.500000000000001,0.024810466452843013
254.0027891553474,100.83501170721394,2.500000000000001,0.022839360586221616
254.00568441889456,101.39977669244091,2.500000000000001,0.0150752270702002
254.00332210841447,101.9667194649065,2.500000000000001,0.004453617970088717
253.99986713802795,102.53411482116564,2.500000000000001,0.0027990189819469507
253.9981120319983,103.10080603331431,2.500000000000001,0.0036742603785384436
253.9976568200545,103.66695877402024,2.500000000000001,0.0019440873794543
253.99762113119777,104.23293770152175,2.500000000000001,0.0031992507169329456
253.99793874399995,104.79877024349938,2.500000000000001,0.011113689574999324
254.00122806180119,105.36337196085286,2.500000000000001,0.02248878663361853
254.01240419897763,105.92470720260745,2.500000000000001,0.02744194532996383
254.03320107245494,106.4820576989672,2.500000000000001,0.021235787433507333
254.06085209234757,107.03656893542302,2.500000000000001,0.009706939406584588
254.09103470908082,107.59003088883823,2.500000000000001,0.0007610517320288138
254.1210117374834,108.14357728307039,2.500000000000001,0.002786311214547442
254.14978437847375,108.69762222648724,2.500000000000001,0.0023578890586455703
254.17781254177808,109.25197594599243,2.500000000000001,0.0007224011314945349
254.2056863530927,109.8063945318359,2.500000000000001,0.0003877544413181979
254.23374025305193,110.36073962335514,2.500000000000001,0.0007540149935241012
254.26205724640363,110.91497665356923,2.500000000000001,0.0006781548306243593
254.29057920028,111.46912933828919,2.500000000000001,0.0004910574921166537
254.31924728121226,112.02322172948513,2.500000000000001,0.00032409865012646084
254.3480110600279,112.57727445845492,2.500000000000001,0.0001848920694020466
254.37682851185087,113.13130473582427,2.500000000000001,7.348842781707397e-05
254.40566601610158,113.68532635154668,2.500000000000001,1.0131461919657328e-05
254.43449835649673,114.23934967490347,2.500000000000001,6.888683744208755e-05
254.46330866122526,114.79338167888316,2.500000000000001,0.00011280791511857089
254.4920849809237,115.34742733471509,2.500000000000001,0.00015372111659893466
254.52081507863048,115.9014917350522,2.500000000000001,0.00019666081223009612
254.54948599242988,116.45558027220125,2.500000000000001,0.0002393911694654755
254.57808403844138,117.00969863688447,2.500000000000001,0.000269241361876536
254.60659793615633,117.56385152378303,2.500000000000001,0.00026731010989676924
254.63502785008865,118.11803888665249,2.500000000000001,0.00022344061960187937
254.66338701534286,118.67225526504245,2.500000000000001,0.00013630786145888825
254.69170173761415,119.22648978429656,2.500000000000001,5.916404216162084e-06
254.72001139318834,119.7807261555526,2.500000000000001,0.00016775702540939284
254.7483684289421,120.33494267574233,2.500000000000001,0.0003847746247390542
254.7768383623425,120.88911222759168,2.500000000000001,0.0006447961890794786
254.8054997814475,121.44320227962056,2.500000000000001,0.0009036656655798869
254.83444379874504,121.99717511239442,2.500000000000001,0.000995245486071287
254.86372164841842,122.5510095267819,2.500000000000001,0.0007094412774504355
254.89324954901608,123.10474025536494,2.500000000000001,0.00022296722635405916
254.92279864536977,123.65846212908076,2.500000000000001,0.0037060230185448446
254.9517865920212,124.21241639059656,2.500000000000001,0.012787039293157245
254.9774072562596,124.76776525671575,2.500000000000001,0.02412398969428745
254.9948467227177,125.32650247327705,2.500000000000001,0.027859601325500062
255.00247899435124,125.88930162072565,2.500000000000001,0.020691707656675544
255.0031590871435,126.4549805988842,2.500000000000001,0.009234717413247632
255.00127848298345,127.02172089086756,2.500000000000001,0.000664071430739898
254.99962380557287,127.58836830746068,2.500000000000001,0.002757079631156005
254.99922379874036,128.15449634960288,2.500000000000001,0.0024017203152109923
254.99962904934196,128.72029045546432,2.500000000000001,0.0008608320132348795
255.00024632430865,129.2859958346646,2.500000000000001,0.0002029223599597308
255.00073600076598,129.85175300659262,2.500000000000001,0.0005668180210522565
255.00100916677204,130.41759899660954,2.500000000000001,0.0005153884807584258
255.00111732304595,130.98351284693825,2.500000000000001,0.0003616134866510622
255.00111194595343,131.54947356329643,2.500000000000001,0.00022934580855986587
255.00103538260987,132.1154638717278,2.500000000000001,0.00012563475923333601
255.00092085087968,132.681470218602,2.500000000000001,5.044364511244056e-05
255.00079243937668,133.2474827706146,2.500000000000001,3.706742806009264e-06
255.00066510746396,133.8134954147872,2.500000000000001,1.7346442834947636e-05
255.00054474507803,134.37950573408804,2.500000000000001,2.2168962745823627e-05
255.00043159475365,134.94551361289822,2.500000000000001,2.190242817407108e-05
255.0003254616691,135.51151911382908,2.500000000000001,2.129460784079255e-05
255.00022615100278,136.07752229949193,2.500000000000001,2.068676571979097e-05
255.0001334679331,136.64352323249807,2.500000000000001,2.0078902328941817e-05
255.00004721763847,137.20952197545887,2.500000000000001,1.9471018274756132e-05
254.99996720529728,137.77551859098563,2.500000000000001,1.886311414153297e-05
254.99989323608796,138.34151314168963,2.500000000000001,1.8255190491330128e-05
254.99982511518886,138.90750569018223,2.500000000000001,1.7647247952664987e-05
254.99976264777834,139.47349629907475,2.500000000000001,1.7039287264918833e-05
254.99970563903477,140.03948503097848,2.500000000000001,1.6431309034343718e-05
254.99965389413663,140.60547194850477,2.500000000000001,1.5823313734041083e-05
254.99960721826227,141.17145711426494,2.500000000000001,1.5215301947973804e-05
254.99956541659012,141.73744059087028,2.500000000000001,1.4607274304419478e-05
254.9995282942985,142.30342244093214,2.500000000000001,1.3999231520329085e-05
254.9994956565658,142.8694027270618,2.500000000000001,1.3391174201712221e-05
254.9994673085705,143.43538151187062,2.500000000000001,1.2783102843626816e-05
254.99944305549093,144.00135885796988,2.500000000000001,1.217501805199519e-05
254.9994227025055,144.5673348279709,2.500000000000001,1.1566920454881964e-05
254.9994060547926,145.13330948448507,2.500000000000001,1.095881072468018e-05
254.99939291753057,145.69928289012364,2.500000000000001,1.0350689467209234e-05
254.99938309589785,146.26525510749792,2.500000000000001,9.742557266070396e-06
254.99937639507286,146.83122619921926,2.500000000000001,9.13523164225095e-06
254.999372620234,147.397196227899,2.500000000000001,8.533311910143023e-06
254.9993715776064,147.96316525581955,2.500000000000001,7.944217895574353e-06
254.99937307826082,148.52913334374063,2.500000000000001,7.372259885418679e-06
254.99937693897508,149.09510055062879,2.500000000000001,6.8181109865669715e-06
254.99938298223384,149.6610669336574,2.500000000000001,6.281772136410077e-06
254.99939103622904,150.22703254820632,2.500000000000001,5.763244064508077e-06
254.99940093485944,150.7929974478623,2.500000000000001,5.2625274273809925e-06
254.999412517731,151.35896168441874,2.500000000000001,4.779622876761086e-06
254.99942563015654,151.92492530787584,2.500000000000001,4.314531105646018e-06
254.99944012315606,152.4908883664404,2.500000000000001,3.867252628170422e-06
254.99945585345654,153.05685090652608,2.500000000000001,3.4377879365848667e-06
254.99947268349197,153.62281297275317,2.500000000000001,3.026137547309692e-06
254.99949048140346,154.18877460794866,2.500000000000001,2.6323017808024924e-06
254.99950912103904,154.75473585314634,2.500000000000001,2.256281073818056e-06
254.9995284819538,155.32069674758668,2.500000000000001,1.8980758701822421e-06
254.9995484494099,155.88665732871686,2.500000000000001,1.5576864450300267e-06
254.9995689143765,156.45261763219088,2.500000000000001,1.2351130617773504e-06
254.99958977352983,157.01857769186927,2.500000000000001,9.303560181718051e-07
254.99961092925312,157.58453753981945,2.500000000000001,6.43415470538083e-07
254.99963228963668,158.1504972063155,2.500000000000001,3.742916129263803e-07
254.99965376847774,158.7164567198382,2.500000000000001,1.2298465662477088e-07
254.99967528528072,159.28241610707514,2.500000000000001,1.1050532342268355e-07
254.99969676525689,159.8483753929205,2.500000000000001,3.2617809855917034e-07
254.99971813932467,160.41433460047526,2.500000000000001,5.240335287208127e-07
254.99973934410954,160.98029375104713,2.500000000000001,7.040717160177273e-07
254.999760321944,161.54625286415055,2.500000000000001,8.66292581580746e-07
254.99978102086746,162.1122119575066,2.500000000000001,1.0106959969629443e-06
254.99980139462653,162.67817104704315,2.500000000000001,1.1372820264488626e-06
254.9998214026747,163.2441301468948,2.500000000000001,1.2460505926217552e-06
254.9998410101726,163.81008926940288,2.500000000000001,1.337001585587833e-06
254.99986018798782,164.37604842511536,2.500000000000001,1.4101351940279386e-06
254.99987891269512,164.94200762278697,2.500000000000001,1.4654514820230598e-06
254.9998971665761,165.50796686937923,2.500000000000001,1.5029503208110961e-06
254.9999149376195,166.0739261700603,2.500000000000001,1.522631830760124e-06
254.9999322195211,166.63988552820507,2.500000000000001,1.5253130267045953e-06
254.9999490116836,167.2058449453952,2.500000000000001,1.5155927991103895e-06
254.99996531817015,167.771804421748,2.500000000000001,1.5008905979919128e-06
254.99998114390522,168.33776395710998,2.500000000000001,1.4855160605813228e-06
254.99999649381326,168.90372355132777,2.500000000000001,1.4701413996723365e-06
255.00001137281885,169.46968320424793,2.500000000000001,1.4547667483247727e-06
255.00002578584653,170.035642915717,2.500000000000001,1.439392173050818e-06
255.0000397378208,170.6016026855816,2.500000000000001,1.4240175628961922e-06
255.0000532336662,171.16756251368832,2.500000000000001,1.4086429400079245e-06
255.00006627830726,171.73352239988364,2.500000000000001,1.3932683930827855e-06
255.0000788766685,172.29948234401422,2.500000000000001,1.3778938555321845e-06
255.00009103367444,172.86544234592662,2.500000000000001,1.3625192829519604e-06
255.0001027542496,173.43140240546745,2.500000000000001,1.3471447196715242e-06
255.00011404331852,173.99736252248323,2.500000000000001,1.3317701656544657e-06
255.00012490580573,174.56332269682056,2.500000000000001,1.3163956208633333e-06
255.00013534663574,175.129282928326,2.500000000000001,1.3010211074431197e-06
255.00014537073312,175.69524321684617,2.500000000000001,1.2856466475392393e-06
255.00015498302233,176.2612035622276,2.500000000000001,1.2702721745652717e-06
255.0001641884279,176.8271639643169,2.500000000000001,1.254897621936524e-06
255.00017299187436,177.39312442296057,2.500000000000001,1.239523100530725e-06
255.00018139828632,177.95908493800528,2.500000000000001,1.2241486546740834e-06
255.00018941258818,178.52504550929757,2.500000000000001,1.2087741955971994e-06
255.00019703970457,179.09100613668403,2.500000000000001,1.1933997454481494e-06
255.00020428455994,179.65696682001115,2.500000000000001,1.1780253041893958e-06
255.00021115207886,180.22292755912565,2.500000000000001,1.1626508274156223e-06
255.00021764718582,180.788888353874,2.500000000000001,1.1472763594566392e-06
255.00022377480542,181.3548492041028,2.500000000000001,1.1319019668234787e-06
255.00022953986212,181.92081010965865,2.500000000000001,1.11652760511263e-06
255.00023494728046,182.48677107038807,2.500000000000001,1.1011531855564107e-06
255.00024000198493,183.0527320861377,2.500000000000001,1.0857787746649136e-06
255.00024470890014,183.6186931567541,2.500000000000001,1.0704044389490212e-06
255.0002490729505,184.1846542820838,2.500000000000001,1.055030023092648e-06
255.00025309906061,184.75061546197347,2.500000000000001,1.0396555714236792e-06
255.00025679215503,185.3165766962696,2.500000000000001,1.0242812391834785e-06
255.00026015715824,185.88253798481884,2.500000000000001,1.008906937603619e-06
255.00026319899476,186.4484993274677,2.500000000000001,9.93532600099493e-07
255.0002659225891,187.0144607240627,2.500000000000001,9.781582266334467e-07
255.00026833286583,187.58042217445055,2.500000000000001,9.627838837153356e-07
255.00027043474947,188.14638367847775,2.500000000000001,9.474095934909121e-07
255.0002722331645,188.71234523599088,2.500000000000001,9.320352893748966e-07
255.0002737330355,189.27830684683653,2.500000000000001,9.166609713296167e-07
255.00027493928695,189.8442685108613,2.500000000000001,9.012866836827852e-07
255.00027585684342,190.41023022791177,2.500000000000001,8.859124042145256e-07
255.00027649062937,190.97619199783446,2.500000000000001,8.70538088522277e-07
255.0002768455694,191.54215382047596,2.500000000000001,8.551638252990987e-07
255.00027692658801,192.10811569568284,2.500000000000001,8.397895923246557e-07
255.0002767386097,192.67407762330174,2.500000000000001,8.244153230137462e-07
255.00027628655903,193.24003960317916,2.500000000000001,8.090410838768431e-07
255.0002755753605,193.80600163516172,2.500000000000001,7.936668083285196e-07
255.00027460993863,194.371963719096,2.500000000000001,7.782925628794037e-07
255.00027339521802,194.9379258548285,2.500000000000001,7.629183918570029e-07
255.00027193612308,195.5038880422059,2.500000000000001,7.475441843108835e-07
255.00027023757843,196.0698502810747,2.500000000000001,7.321699845689484e-07
255.00026830450852,196.6358125712815,2.500000000000001,7.167957704106582e-07
255.00026614183793,197.20177491267287,2.500000000000001,7.014215417988311e-07
255.00026375449116,197.76773730509544,2.500000000000001,6.860473208788445e-07
255.00026114739276,198.33369974839573,2.500000000000001,6.706731741608458e-07
255.00025832546729,198.89966224242036,2.500000000000001,6.552990794248525e-07
255.00025529363916,199.46562478701586,2.500000000000001,6.399249035376872e-07
255.00025205683298,200.03158738202882,2.500000000000001,6.245507130095686e-07
255.00024861997323,200.59755002730577,2.500000000000001,6.091765521678649e-07
255.0002449879845,201.16351272269335,2.500000000000001,5.938024431579747e-07
255.00024116579127,201.72947546803815,2.500000000000001,5.784283193954665e-07
255.00023715831804,202.29543826318672,2.500000000000001,5.630541364772708e-07
255.0002329704894,202.86140110798559,2.500000000000001,5.476800274603236e-07
255.00022860722987,203.42736400228137,2.500000000000001,5.323059479422826e-07
255.00022407346393,203.99332694592064,2.500000000000001,5.169318535215951e-07
255.00021937411614,204.55928993875003,2.500000000000001,5.015577663431158e-07
255.00021451411098,205.125252980616,2.500000000000001,4.8618364200308e-07
255.00020949837304,205.69121607136523,2.500000000000001,4.7080956919508237e-07
255.0002043318268,206.25717921084427,2.500000000000001,4.554355256995609e-07
255.0001990193968,206.82314239889965,2.500000000000001,4.4006144493033804e-07
255.00019356600757,207.38910563537797,2.500000000000001,4.246873933975022e-07
255.00018797658362,207.9550689201258,2.500000000000001,4.0931337106392256e-07
255.00018225604947,208.52103225298976,2.500000000000001,3.939392891626424e-07
255.00017640932964,209.08699563381637,2.500000000000001,3.7856521420294807e-07
255.00017044134873,209.65295906245223,2.500000000000001,3.631911905115909e-07
255.00016435703117,210.21892253874393,2.500000000000001,3.4781715150532407e-07
255.00015816130158,210.78488606253808,2.500000000000001,3.3244316369434845e-07
255.0001518590844,211.35084963368115,2.500000000000001,3.1706918267412056e-07
255.00014545530422,211.91681325201978,2.500000000000001,3.016951862250264e-07
255.0001389548855,212.4827769174005,2.500000000000001,2.8632117430980803e-07
255.0001323627528,213.04874062966996,2.500000000000001,2.709471468917098e-07
255.00012568383065,213.61470438867474,2.500000000000001,2.555731482985654e-07
255.00011892304357,214.18066819426133,2.500000000000001,2.4019917849152393e-07
255.00011208531612,214.74663204627637,2.500000000000001,2.2482523743328773e-07
255.00010517557277,215.3125959445664,2.500000000000001,2.0945130290382605e-07
255.00009819873807,215.87855988897803,2.500000000000001,1.9407737486614967e-07
255.0000911597365,216.44452387935783,2.500000000000001,1.7870334237062308e-07
255.00008406349264,217.01048791555237,2.500000000000001,1.6332929410888942e-07
255.00007691493107,217.5764519974082,2.500000000000001,1.479554518684528e-07
255.00006971897625,218.14241612477196,2.500000000000001,1.3258161596942402e-07
255.00006248055266,218.70838029749012,2.500000000000001,1.1720763109643291e-07
255.00005520458487,219.27434451540935,2.500000000000001,1.0183365249014208e-07
255.00004789599743,219.8403087783762,2.500000000000001,8.64597688431716e-08
255.00004055971485,220.40627308623723,2.500000000000001,7.108591356942218e-08
255.00003320066162,220.97223743883902,2.500000000000001,5.571197571935929e-08
255.0000258237623,221.53820183602818,2.500000000000001,4.033802180373655e-08
255.00001843394142,222.10416627765125,2.500000000000001,2.4964207062175462e-08
255.0000110361235,222.67013076355482,2.500000000000001,9.59037617879774e-09
255.000003635233,223.2360952935854,2.500000000000001,5.7835817966880116e-09
254.99999623619456,223.8020598675897,2.500000000000001,2.115748944020316e-08
254.99998884393264,224.3680244854142,2.500000000000001,3.653132460687392e-08
254.9999814633718,224.9339891469055,2.500000000000001,5.190515388329115e-08
254.9999740994365,225.49995385191016,2.500000000000001,6.727902167096184e-08
254.99996675705134,226.0659186002748,2.500000000000001,8.265288364196638e-08
254.99995944114082,226.63188339184595,2.500000000000001,9.802673983470403e-08
254.99995215662943,227.1978482264702,2.500000000000001,1.1340059028697114e-07
254.9999449084418,227.7638131039941,2.500000000000001,1.2877436848819072e-07
254.99993770150232,228.3297780242643,2.500000000000001,1.4414818538742865e-07
254.9999305407356,228.89574298712728,2.500000000000001,1.5952199665934779e-07
254.99992343106612,229.46170799242967,2.500000000000001,1.7489580234058547e-07
254.9999163774184,230.02767304001807,2.500000000000001,1.9026966901477973e-07
254.99990938471703,230.59363812973902,2.500000000000001,2.0564348580771968e-07
254.9999024578865,231.15960326143914,2.500000000000001,2.2101720839302375e-07
254.99989560185134,231.72556843496488,2.500000000000001,2.363909920860179e-07
254.999888821536,232.291533650163,2.500000000000001,2.517648812865143e-07
254.99988212186514,232.85749890687993,2.500000000000001,2.67138654209018e-07
254.99987550776322,233.4234642049623,2.500000000000001,2.825123774387322e-07
254.99986898415477,233.9894295442567,2.500000000000001,2.978861397424749e-07
254.9998625559643,234.55539492460963,2.500000000000001,3.1325987461132857e-07
254.99985622811636,235.12136034586777,2.500000000000001,3.2863364862866494e-07
254.99985000553542,235.68732580787764,2.500000000000001,3.440074618320285e-07
254.99984389314608,236.25329131048585,2.500000000000001,3.593812477123194e-07
254.99983789587284,236.81925685353892,2.500000000000001,3.747549619430385e-07
254.99983201864026,237.38522243688345,2.500000000000001,3.901286267430796e-07
254.9998262663728,237.95118806036606,2.500000000000001,4.0550233087926213e-07
254.99982064399498,238.51715372383325,2.500000000000001,4.208760965725031e-07
254.99981515643134,239.08311942713166,2.500000000000001,4.3624987949444674e-07
254.99980980860644,239.64908517010784,2.500000000000001,4.5162361313605995e-07
254.9998046054448,240.21505095260835,2.500000000000001,4.669973197171493e-07
254.99979955187095,240.7810167744798,2.500000000000001,4.823709992752923e-07
254.9997946528094,241.3469826355687,2.500000000000001,4.977446518483125e-07
254.99978991318466,241.91294853572174,2.500000000000001,5.131183662024895e-07
254.99978533792125,242.47891447478537,2.500000000000001,5.284921201929734e-07
254.99978093194372,243.0448804526063,2.500000000000001,5.438658251279744e-07
254.99977670017662,243.61084646903095,2.500000000000001,5.592394588635202e-07
254.99977264754443,244.17681252390602,2.500000000000001,5.746131323476135e-07
254.99976877897168,244.74277861707807,2.500000000000001,5.899868678001015e-07
254.99976509938293,245.30874474839362,2.500000000000001,6.053605321652309e-07
254.9997616137027,245.8747109176993,2.500000000000001,6.207341476624244e-07
254.99975832685547,246.4406771248416,2.500000000000001,6.361078252411322e-07
254.9997552437658,247.0066433696672,2.500000000000001,6.51481476209462e-07
254.99975236935822,247.57260965202258,2.500000000000001,6.668551227869452e-07
254.9997497085572,248.13857597175442,2.500000000000001,6.822288537398521e-07
254.99974726628736,248.70454232870927,2.500000000000001,6.976024916475609e-07
254.9997450474732,249.27050872273364,2.500000000000001,7.129760365483868e-07
254.99974305703918,249.83647515367412,2.500000000000001,7.28349688119908e-07
254.99974129990986,250.40244162137736,2.500000000000001,7.437234020343618e-07
254.9997397810098,250.9684081256899,2.500000000000001,7.590970008713746e-07
254.9997385052635,251.5343746664583,2.500000000000001,7.744705512157316e-07
254.99973747759546,252.10034124352907,2.500000000000001,7.89844252745067e-07
254.99973670293022,252.66630785674892,2.500000000000001,8.052179280383026e-07
254.9997361861924,253.23227450596434,2.500000000000001,8.205914662218108e-07
254.99973593230638,253.79824119102193,2.500000000000001,8.359650447913261e-07
254.99973594619678,254.36420791176823,2.500000000000001,8.513386637841139e-07
254.99973623278805,254.9301746680499,2.500000000000001,8.667122788731361e-07
254.9997367970048,255.49614145971339,2.500000000000001,8.820858457311971e-07
254.99973764377148,256.06210828660545,2.500000000000001,8.974594531250914e-07
254.99973877801264,256.62807514857246,2.500000000000001,9.128330567274195e-07
254.99974020465285,257.1940420454612,2.500000000000001,9.282065900290133e-07
254.99974192861654,257.76000897711805,2.500000000000001,9.43580252707625e-07
254.99974395482832,258.32597594338966,2.500000000000001,9.58953889524415e-07
254.99974628821275,258.8919429441227,2.500000000000001,9.743273674245297e-07
254.99974893369426,259.4579099791636,2.500000000000001,9.897009304487888e-07
254.9997518961974,260.023877048359,2.500000000000001,1.0050745120875328e-06
254.99975518064676,260.58984415155555,2.500000000000001,1.0204480458337573e-06
254.99975879196674,261.15581128859975,2.500000000000001,1.0358216426350696e-06
254.999762735082,261.7217784593381,2.500000000000001,1.0511952137979975e-06
254.99976701491696,262.2877456636173,2.500000000000001,1.0665687593614406e-06
254.99977163639622,262.85371290128387,2.500000000000001,1.0819423015461806e-06
254.99977660444426,263.41968017218437,2.500000000000001,1.0973158403878491e-06
254.99978192398564,263.9856474761654,2.500000000000001,1.1126894202879007e-06
254.99978759994485,264.55161481307357,2.500000000000001,1.1280629525569404e-06
254.99979363724648,265.1175821827555,2.500000000000001,1.1434364372319935e-06
254.99980004081496,265.68354958505756,2.500000000000001,1.1588099630771199e-06
254.99980681557489,266.24951701982656,2.500000000000001,1.1741835301320271e-06
254.99981396645072,266.81548448690893,2.500000000000001,1.1895571162518135e-06
254.99982149836708,267.38145198615126,2.500000000000001,1.2049306105596245e-06
254.99982941624845,267.94741951740014,2.500000000000001,1.2203040574604852e-06
254.99983772501932,268.51338708050224,2.500000000000001,1.2356775900856627e-06
254.99984642960422,269.07935467530393,2.500000000000001,1.2510511641038298e-06
254.99985553492772,269.645322301652,2.500000000000001,1.2664246686458042e-06
254.99986504591433,270.21128995939296,2.500000000000001,1.2817981259305564e-06
254.99987496748855,270.7772576483733,2.500000000000001,1.2971716690842284e-06
254.99988530457492,271.3432253684397,2.500000000000001,1.3125452316021132e-06
254.999896062098,271.90919311943867,2.500000000000001,1.3279187247932412e-06
254.9999072449823,272.47516090121684,2.500000000000001,1.3432921486924937e-06
254.99991885815234,273.0411287136207,2.500000000000001,1.3586656142469861e-06
254.99993090653257,273.6070965564969,2.500000000000001,1.3740391658599614e-06
254.99994339504764,274.17306442969203,2.500000000000001,1.3894126704787492e-06
254.99995632862198,274.73903233305265,2.500000000000001,1.4047861503193291e-06
254.9999697121802,275.3050002664252,2.500000000000001,1.4201596054163553e-06
254.99998355064673,275.8709682296565,2.500000000000001,1.4355330801766745e-06
254.99999784894615,276.436936222593,2.500000000000001,1.4509065968202431e-06
255.000012612003,277.00290424508125,2.500000000000001,1.4662800888345327e-06
255.00002784474177,277.5688722969678,2.500000000000001,1.4816535562553735e-06
255.00004355208702,278.13484037809934,2.500000000000001,1.4970270213055954e-06
255.00005973896324,278.70080848832237,2.500000000000001,1.5124004840228847e-06
255.000076410295,279.26677662748347,2.500000000000001,1.527773944440504e-06
255.00009357100677,279.8327447954292,2.500000000000001,1.5431474247829466e-06
255.00011122602314,280.39871299200627,2.500000000000001,1.5585208807224523e-06
255.00012938026856,280.964681217061,2.500000000000001,1.573894356653188e-06
255.00014803866762,281.5306494704402,2.500000000000001,1.589048362510092e-06
255.00016720614482,282.0966177519904,2.500000000000001,1.5985313610324047e-06
255.0001868873435,282.66258606147113,2.500000000000001,1.5871057056503098e-06
255.00020708020313,283.22855439657087,2.500000000000001,1.5395570078235084e-06
255.00022776956175,283.79452275092956,2.500000000000001,1.4504610983138192e-06
255.00024892687958,284.3604911140536,2.500000000000001,1.3196024374010151e-06
255.00027051023926,284.9264594713158,2.500000000000001,1.1469809343147058e-06
255.0002924643455,285.4924278039555,2.500000000000001,9.325966627024631e-07
255.00031472052544,286.0583960890782,2.500000000000001,6.764495409104936e-07
255.00033719672837,286.624364299656,2.500000000000001,3.7853945593554035e-07
255.00035979752587,287.1903324045274,2.500000000000001,3.8866343005889836e-08
255.00038241411187,287.75630036839715,2.500000000000001,3.425701784978894e-07
255.00040492430253,288.32226815183657,2.500000000000001,7.657704592678664e-07
255.0004271925362,288.8882357112833,2.500000000000001,1.2307348292218783e-06
255.0004490698736,289.4542029990414,2.500000000000001,1.7374638284959856e-06
255.00047039399766,290.0201699632812,2.500000000000001,2.2859580834723393e-06
255.00049098921363,290.58613654803986,2.500000000000001,2.8762184268443235e-06
255.00051066644895,291.15210269322034,2.500000000000001,3.508245618433172e-06
255.00052922325332,291.71806833459243,2.500000000000001,4.182040576117348e-06
255.00054644379887,292.2840334037922,2.500000000000001,4.897604695536459e-06
255.00056209887984,292.84999782832216,2.500000000000001,5.654939215974767e-06
255.00057594591271,293.4159615315511,2.500000000000001,6.454045406944906e-06
255.00058772893638,293.9819244327144,2.500000000000001,7.294925043161515e-06
255.00059717861194,294.5478864469136,2.500000000000001,8.17758005877342e-06
255.00060401222274,295.1138474851169,2.500000000000001,9.102012401213825e-06
255.00060793367436,295.6798074541587,2.500000000000001,1.0068224217796964e-05
255.0006086334947,296.2457662567401,2.500000000000001,1.1076217887046088e-05
255.0006057888339,296.8117237914282,2.500000000000001,1.2125996116545567e-05
255.00059906346445,297.3776799526568,2.500000000000001,1.3217561841156328e-05
255.000588107781,297.94363463072585,2.500000000000001,1.4350918143404734e-05
255.00057255880054,298.509587711802,2.500000000000001,1.5524455820371945e-05
255.00055204016223,299.0755390779181,2.500000000000001,1.6690811678245735e-05
255.0005261641936,299.64148860773923,2.500000000000001,1.7711632363035976e-05
255.0004945884639,300.20743619752346,2.500000000000001,1.8443374544390344e-05
255.00045707786762,300.7733817841325,2.500000000000001,1.8832610419746913e-05
255.00041350779912,301.33932534620806,2.500000000000001,1.887662731959967e-05
255.00036386415263,301.9052669041723,2.500000000000001,1.856995755504893e-05
255.00030824360346,302.4712065203144,2.500000000000001,1.789734584844377e-05
255.00024686003053,303.03714430077514,2.500000000000001,1.6843560865955527e-05
255.00018005091428,303.6030803975236,2.500000000000001,1.5403164785263053e-05
255.00010827761267,304.16901500844295,2.500000000000001,1.3575932483073665e-05
255.00003212536134,304.73494837732994,2.500000000000001,1.1361858767919266e-05
254.99995230327352,305.3008807938953,2.500000000000001,8.760943614468056e-06
254.99986964434,305.8668125937634,2.500000000000001,5.773193082144513e-06
254.99978510542928,306.43274415847264,2.500000000000001,2.3986204556496937e-06
254.9996997672874,306.9986759154749,2.500000000000001,1.3627530138733575e-06
254.99961483453802,307.5646083381361,2.500000000000001,5.510897167751066e-06
254.99953163568244,308.130541945736,2.500000000000001,1.0045771821145166e-05
254.99945162309956,308.69647730346793,2.500000000000001,1.496732591045173e-05
254.9993763730459,309.2624150224392,2.500000000000001,2.02754967511166e-05
254.9993075856555,309.8283557596709,2.500000000000001,2.5970208851503292e-05
254.9992470849402,310.39430021809795,2.500000000000001,3.205137283725137e-05
254.99919681878933,310.96024914656897,2.500000000000001,3.851888484084562e-05
254.99915885896985,311.5262033398465,2.500000000000001,4.537262560210493e-05
254.99913540112624,312.0921636386069,2.500000000000001,5.261245923526237e-05
254.99912876478083,312.6581309294401,2.500000000000001,6.02382321503488e-05
254.99914139333336,313.2241061448501,2.500000000000001,6.824977257251673e-05
254.99917585406124,313.7900902632546,2.500000000000001,7.664688946136366e-05
254.99923483811946,314.35608430898526,2.500000000000001,8.542937136246134e-05
254.9993211605407,314.92208935228723,2.500000000000001,9.459698554573159e-05
254.9994377602352,315.48810650931955,2.500000000000001,0.00010416241459858033
254.99958769999083,316.0541369421553,2.500000000000001,0.00011458229471252367
254.9997741830551,316.62018186750345,2.500000000000001,0.00012725260191073375
255.00000110565196,317.1862428473382,2.500000000000001,0.0001436772928726716
255.00027372556238,317.7523221405786,2.500000000000001,0.0001644380870580521
255.00059870218413,318.31842272416054,2.500000000000001,0.0001885907507886013
255.00098409653177,318.88454829303606,2.500000000000001,0.00046988803641958605
255.00143812430616,319.4507027434883,2.500000000000001,0.005015473438086971
255.0010918561983,320.01652658836434,2.500000000000001,0.015647588608338724
254.99585055617115,320.58032357299476,2.500000000000001,0.026260191636610433
254.9812725885311,321.14025332111885,2.500000000000001,0.027136453663274544
254.95732756296343,321.69630259364504,2.500000000000001,0.01764064998751042
254.92807405455687,322.25015187778286,2.500000000000001,0.006092091505608847
254.89742314283063,322.80342091046214,2.500000000000001,0.001108935952182192
254.86754020285326,323.3570068003952,2.500000000000001,0.003125805374392119
254.83885343082812,323.91108755488676,2.500000000000001,0.0021160396590364865
254.81077517303757,324.4654205604361,2.500000000000001,0.0006553532270531865
254.78283945596448,325.0198132843205,2.500000000000001,0.00016792085776894212
254.75480214989187,325.57416472155506,2.500000000000001,0.0004196516743317096
254.72662236668,326.128457722874,2.500000000000001,0.00040087501944639325
254.6983218827697,326.6827010172878,2.500000000000001,0.000334376321378615
254.66992090038474,327.2369027184085,2.500000000000001,0.00027386778717200814
254.6414377171653,327.79107018819855,2.500000000000001,0.0002196336050975305
254.61288872616802,328.34521003697057,2.500000000000001,0.00017168247862564675
254.58428841586576,328.8993281233873,2.500000000000001,0.00013002127610858743
254.55564937014793,329.45342955446205,2.500000000000001,9.465525609967148e-05
254.5269822683202,330.00751868555807,2.500000000000001,6.558829114792961e-05
254.49829588510474,330.5615991203891,2.500000000000001,4.282309121723449e-05
254.46959709063995,331.11567371101887,2.500000000000001,2.6361426673950353e-05
254.44089085048074,331.6697445578616,2.500000000000001,1.6204350986079006e-05
254.41218022559835,332.22381300968163,2.500000000000001,1.2352423162099285e-05
254.38346637238038,332.7778796635936,2.500000000000001,1.47355271541005e-05
254.35474854263083,333.33194436506244,2.500000000000001,2.236809369376661e-05
254.3260241686485,333.88600624113224,2.500000000000001,3.293196786569192e-05
254.2972898843513,334.44006409924623,2.500000000000001,4.445644133146365e-05
254.2685421996299,334.9941166906287,2.500000000000001,5.6377735644804966e-05
254.23977751230746,335.5481627149558,2.500000000000001,6.917426547140367e-05
254.21099209155747,336.1022008116337,2.500000000000001,8.433828687729754e-05
254.1821815253871,336.65622926916905,2.500000000000001,0.0001034789185906729
254.1533400520565,337.2102456734895,2.500000000000001,0.00012722181217496005
254.124460520019,337.7642468868719,2.500000000000001,0.00015457104790832512
254.0955343879212,338.31822904794234,2.500000000000001,0.0005436670816667737
254.0665529694676,338.87218808759644,2.500000000000001,0.005365560498175787
254.038384676563,339.42648329280485,2.500000000000001,0.016452107045393332
254.0151236189472,339.9828106676832,2.500000000000001,0.026776392407627362
254.00121069394908,340.54301028639105,2.500000000000001,0.026609682323672657
253.99667544145123,341.10709503437016,2.500000000000001,0.016786544777195683
253.997458323865,341.6733840192138,2.500000000000001,0.005732909448059161
253.99964718710385,342.24025704724664,2.500000000000001,0.0010146748359610462
254.0010754694642,342.80681650146295,2.500000000000001,0.002917156453966646
254.00131367604024,343.3728838147167,2.500000000000001,0.0019804106521320174
254.00094804977942,343.93870098911947,2.500000000000001,0.0006089425641600852
254.00044304136122,344.5044598944566,2.500000000000001,0.00016335408054278693
254.00004114559735,345.07026082122786,2.500000000000001,0.00039538909002915124
253.9997815036547,345.636120152666,2.500000000000001,0.00037161607156186246
253.99964048005208,346.20202834217923,2.500000000000001,0.0003025502258406164
253.99959590145772,346.7679764070266,2.500000000000001,0.00023886563193273127
253.99962738705585,347.3339560645686,2.500000000000001,0.00018080770906957463
253.99971634854683,347.8999597322677,2.500000000000001,0.00012836622512549142
253.99984599014698,348.46598052768803,2.500000000000001,8.153304560462837e-05
254.00000130858874,349.0320122684956,2.500000000000001,4.030192767444427e-05
254.0001690931205,349.5980494724581,2.500000000000001,4.674120068765256e-06
254.00033792550684,350.1640873574451,2.500000000000001,2.5261692197786273e-05
254.00049818747152,350.73012184566,2.500000000000001,4.928275766159887e-05
254.00064216343628,351.2961496220551,2.500000000000001,6.719138865022083e-05
254.00076411541286,351.86216817691337,2.500000000000001,7.892622042535254e-05
254.00086028470216,352.42817580681447,2.500000000000001,8.455136599214766e-05
254.00092889189392,352.9941716146347,2.500000000000001,8.499514206191983e-05
254.00097005178853,353.56015547631836,2.500000000000001,8.244283731845807e-05
254.00098475227264,354.1261276420575,2.500000000000001,7.875271288206343e-05
254.0009741799656,354.69208847291026,2.500000000000001,7.44695444566779e-05
254.00093970825955,355.2580384361297,2.500000000000001,6.960254572354929e-05
254.00088289731968,355.8239781051637,2.500000000000001,6.41516175254709e-05
254.0008054940842,356.3899081596553,2.500000000000001,5.811668467371232e-05
254.00070943226413,356.95582938544254,2.500000000000001,5.1497699007921185e-05
254.0005968323436,357.52174267455825,2.500000000000001,4.429464287784879e-05
254.00047000157954,358.0876490252302,2.500000000000001,3.6507532248676036e-05
254.000331434002,358.6535495418812,2.500000000000001,2.8136420206253988e-05
254.0001838104139,359.21944543512905,2.500000000000001,1.918140015201362e-05
254.00002999839114,359.7853380217865,2.500000000000001,9.6426090649177e-06
253.99987305228265,360.3512287248613,2.500000000000001,4.797692364005542e-07
253.99971621321015,360.91711907355597,2.500000000000001,1.118550094219547e-05
253.99956290906846,361.4830107032682,2.500000000000001,2.247429867838313e-05
253.9994167545253,362.0489053555904,2.500000000000001,3.4345818288551086e-05
253.99928155102143,362.6148048783103,2.500000000000001,4.679965563824348e-05
253.99916128677046,363.1807112254102,2.500000000000001,5.983534337528381e-05
253.99906013675903,363.74662645706775,2.500000000000001,7.345234760188072e-05
253.99898246274668,364.31255273965525,2.500000000000001,8.765006456981015e-05
253.99893281326598,364.8784923457399,2.500000000000001,0.00010242781728761051
253.99891592362246,365.4444476540842,2.500000000000001,0.00011778485237315522
253.99893671589453,366.0104211496453,2.500000000000001,0.00013372033688572563
253.99900029893365,366.5764154235756,2.500000000000001,0.00015001600946058715
253.9991119683642,367.14243317322223,2.500000000000001,0.0001627615316301989
253.99927692804306,367.70847706356284,2.500000000000001,0.00016199929450208018
253.9994958362516,368.2745475115882,2.500000000000001,0.00013859823285767247
253.99976122470815,368.84064090488204,2.500000000000001,8.961771961445644e-05
254.00005739719924,369.4067495511943,2.500000000000001,1.4976600259620989e-05
254.0003604295798,369.9728616784408,2.500000000000001,8.542644010801122e-05
254.00063816232972,370.5389614304714,2.500000000000001,0.0002118444073673467
254.0008500978154,371.1050288086547,2.500000000000001,0.0003645290131973097
254.00094732539753,371.6710396292966,2.500000000000001,0.0005395150606212137
254.00087251973216,372.23696552267376,2.500000000000001,0.0006927676280887993
254.00056520764375,372.8027765407139,2.500000000000001,0.0007297197066378036
254.00000776811055,373.36846393203376,2.500000000000001,0.000576808863760056
253.99924918479502,373.9340519020468,2.500000000000001,0.00021478937300597523
253.998405244367,374.4995977111551,2.500000000000001,0.0003564321014022117
253.9976585365037,375.0651916747494,2.500000000000001,0.0011359781185200338
253.9972584538898,375.63095716320896,2.500000000000001,0.0020912632619968625
253.99752119221728,376.19705060190165,2.500000000000001,0.0028222999486087067
253.9987906444745,376.76364200332915,2.500000000000001,0.0024221916899239003
254.00100724035062,377.3307003240077,2.500000000000001,0.00014913618140558924
254.0034405198584,377.8978603325615,2.500000000000001,0.004105327879228136
254.00468544108614,378.4644208552368,2.500000000000001,0.009892009021783324
254.00280510096013,379.0294547989911,2.500000000000001,0.016573075946135784
253.99570018441582,379.59209395896244,2.500000000000001,0.02385521430399953
253.9811679558764,380.1515744948577,2.500000000000001,0.03160520875422295
253.9569022592531,380.70723693095226,2.500000000000001,0.038651959221857976
253.9206838765869,381.25854298440663,2.500000000000001,0.04265998437945977
253.8714687282234,381.8051717656617,2.500000000000001,0.043027553240362344
253.80974469586502,382.34703235346166,2.500000000000001,0.04323895515954244
253.73627405401146,382.88333613776246,2.500000000000001,0.047733799644088706
253.65038507096543,383.411337006197,2.500000000000001,0.05521859579889094
253.55032183402346,383.92716234138675,2.500000000000001,0.05839721085917755
253.4359199946536,384.4310357181664,2.500000000000001,0.054270337053763544
253.3087782942134,384.9272321379081,2.500000000000001,0.04858564784475411
253.1700818533432,385.4187572070269,2.500000000000001,0.046752638410317494
253.02021384651684,385.9064140350832,2.500000000000001,0.05061042664116631
252.8586625688694,386.38879917252564,2.500000000000001,0.060023923122027416
252.68395464356843,386.8623022103269,2.500000000000001,0.06917676616315392
252.49448765594454,387.32308214465945,2.500000000000001,0.06897112263259865
252.29083362126204,387.7725402921479,2.500000000000001,0.06020705867556762
252.074769105551,388.21495979666395,2.500000000000001,0.0527129790528242
251.84725371661082,388.65261838954603,2.500000000000001,0.05029667201523918
251.60838158228574,389.0856728898185,2.500000000000001,0.050044381466757916
251.3580863021847,389.51387476201876,2.500000000000001,0.049402417067524074
251.09641181311514,389.93722928944476,2.500000000000001,0.047755014660965614
250.82351295090345,390.35599694139114,2.500000000000001,0.04523908115833701
250.5396501835218,390.77069076546934,2.500000000000001,0.04286478245773294
250.2450942112526,391.181933854969,2.500000000000001,0.04245944646367321
249.93979698225056,391.5897076302136,2.500000000000001,0.04525944829972259
249.62327504089808,391.9930694283712,2.500000000000001,0.051562748267106814
249.29460929690154,392.39015194368693,2.500000000000001,0.06093757306859245
248.95244502529133,392.77816322748265,2.500000000000001,0.06909258523255353
248.59523628317342,393.1539772299629,2.500000000000001,0.06807264266485448
248.2227833570626,393.5177734512437,2.500000000000001,0.057020236875333745
247.8366434268829,393.8732023596375,2.500000000000001,0.044123778601771135
247.43861136028846,394.2232026985998,2.500000000000001,0.034232837366132834
247.03041215768982,394.5692513813978,2.500000000000001,0.026336322204395347
246.61397430132598,394.91225846489556,2.500000000000001,0.019078825854440443
246.19138607673545,395.2530692255567,2.500000000000001,0.01215028332674378
245.7648452839308,395.59243970390224,2.500000000000001,0.005586132683112933
245.33665923739872,395.93103670451023,2.500000000000001,0.00011931898224005566
244.90905375572254,396.26941939156376,2.500000000000001,0.002736475309985534
244.48307505385569,396.607919128343,2.500000000000001,0.0031703337777281675
244.0582252128103,396.9466082632117,2.500000000000001,0.0052129995003029036
243.63371954525908,397.2862272958814,2.500000000000001,0.01277683408324436
243.21019499452964,397.6294446909461,2.500000000000001,0.020370789911655744
242.7893392692673,397.9799750858305,2.500000000000001,0.015880018316289508
242.37089836736175,398.3365919475598,2.500000000000001,0.0012671139266084966
241.95226059548537,398.6925821802197,2.500000000000001,0.017369021745730944
241.53108822851058,399.04216528809854,2.500000000000001,0.020602612545352787
241.10706733420173,399.38471342116,2.500000000000001,0.010226571640365004
240.6816298592757,399.72386013283926,2.500000000000001,0.007277865525954892
240.2570510467778,400.06515996894564,2.500000000000001,0.020903050319396443
239.83553768659792,400.41391256491335,2.500000000000001,0.021231474288919493
239.416928228687,400.76969151196886,2.500000000000001,0.01242924312533332
238.99966368224116,401.12870711857465,2.500000000000001,0.005421638883172568
238.58286348097386,401.48882487790144,2.500000000000001,0.0034253661875032647
238.16645782149274,401.84988331895875,2.500000000000001,0.0032381835102863504
237.75048987094468,402.21199573300885,2.500000000000001,0.00231216277557892
237.33484490158196,402.57489100031813,2.500000000000001,9.500021722443778e-05
236.91924972894196,402.93791222292225,2.500000000000001,0.0033185188340644507
236.50327271184722,403.30001672462515,2.500000000000001,0.007125192532992718
236.0863731522554,403.6598958086001,2.500000000000001,0.009754015905504395
235.668206527167,404.01671471592607,2.500000000000001,0.010066814560121248
235.24874094194686,404.370394937585,2.500000000000001,0.007240334894272502
234.82826168477996,404.72162521220685,2.500000000000001,1.0786111169959741e-05
234.40761826162998,405.0724579211527,2.500000000000001,0.007919426040601845
233.98831285268315,405.42652217359887,2.500000000000001,0.006449720720824967
233.5703155164551,405.78374637626405,2.500000000000001,0.006434646673769427
233.1514920105284,406.1389766122507,2.500000000000001,0.018687471838718352
232.72988615373475,406.48748926438157,2.500000000000001,0.019399939486587022
232.30566429045354,406.82968580977405,2.500000000000001,0.011378157781478125
231.88021250540896,407.168912788111,2.500000000000001,0.0037472157108677296
231.45445717102174,407.50740684070763,2.500000000000001,0.00010221460039019137
231.0287726830902,407.8460719539616,2.500000000000001,0.0015782131656800183
230.60329820254225,408.1852441415961,2.500000000000001,0.001963919004668661
230.1780767782656,408.5250273195957,2.500000000000001,0.0016177686893043847
229.7530658363583,408.8653186706625,2.500000000000001,0.0005112981418520343
229.32814488738757,409.205827283207,2.500000000000001,0.0021235406521062576
228.9030750911533,409.5459765328951,2.500000000000001,0.007810910648439785
228.47720960931804,409.88420481203553,2.500000000000001,0.015223762386191917
228.04940057002744,410.2177409216373,2.500000000000001,0.016536441149064236
227.61913318735498,410.5453420679373,2.500000000000001,0.006357530899370743
227.18803442591397,410.8709360932277,2.500000000000001,0.005380245899159486
226.75811773051032,411.19938388031983,2.500000000000001,0.005056104198844375
226.32915712431176,411.53013987109114,2.500000000000001,0.004264394368532454
225.89945048712164,411.8590947835798,2.500000000000001,0.010908078527036383
225.46829852291526,412.1845603677202,2.500000000000001,0.013314981110571156
225.03573582195514,412.50662013174036,2.500000000000001,0.017214130597848046
224.60131076329017,412.8241837662288,2.500000000000001,0.022023579767923563
224.1641430591349,413.1351260685551,2.500000000000001,0.02129455357372835
223.72432309091934,413.4396652389055,2.500000000000001,0.016161710029286794
223.28296629492002,413.74049417876006,2.500000000000001,0.016884624379314275
222.84010884590097,414.03770022179447,2.500000000000001,0.026985879308086786
222.39427399316273,414.32771817648796,2.500000000000001,0.03768208352401043
221.94395987564948,414.60692222953435,2.500000000000001,0.03846821127667458
221.48908165484139,414.8751075626297,2.500000000000001,0.02596525487061251
221.0311476350837,415.1359155445592,2.500000000000001,0.007823819053836362
220.5727315100485,415.3955596214463,2.500000000000001,0.001512909491358508
220.11498462304226,415.65681938184355,2.500000000000001,0.004066878831825424
219.65702942310966,415.91757623023415,2.500000000000001,0.018181902083802694
219.19707881150097,416.17351572852544,2.500000000000001,0.030902990063775736
218.73355137725704,416.42082001302344,2.500000000000001,0.033466213479762585
218.2660183167515,416.658453860319,2.500000000000001,0.021254747413552027
217.7959052790468,416.8898590917645,2.500000000000001,0.0008487883188677155
217.3259945563334,417.1217527548959,2.500000000000001,0.010682146800673002
216.85790167448997,417.35803507417216,2.500000000000001,0.0026396996336021093
216.39047467634214,417.5959249788558,2.500000000000001,0.018527254827779
215.9210125535337,417.82890165777485,2.500000000000001,0.03926901242319832
215.44713854743017,418.05122710800515,2.500000000000001,0.05130222464031707
214.96760849292727,418.25989764954204,2.500000000000001,0.05247658190364191
214.48229891729179,418.45461519310726,2.500000000000001,0.04264801971096046
213.99224182017358,418.6378712064445,2.500000000000001,0.024813670542097963
213.4995962704819,418.81487814310276,2.500000000000001,0.008051562427295312
213.00646362237106,418.99070912034364,2.500000000000001,0.0010767841852947903
212.5135117696785,419.1669765749303,2.500000000000001,0.004301622916000889
212.02023309973708,419.34245501947515,2.500000000000001,0.015202960464826262
211.52562018190372,419.5147123033839,2.500000000000001,0.030421046178454782
211.02761174652517,419.6787720869831,2.500000000000001,0.03931338600222207
210.52491334051473,419.83150928619915,2.500000000000001,0.032373556372870316
210.0183528930924,419.9749226965767,2.500000000000001,0.014969077846427802
209.5104212915401,420.1150258453172,2.500000000000001,0.001444950246308415
209.0026917027179,420.25561668678057,2.500000000000001,0.002717408425185274
208.49531059048383,420.3970488134529,2.500000000000001,0.001810601307410368
207.98819342160294,420.53911814547075,2.500000000000001,0.0037343967094955856
207.48097430969344,420.68094136039304,2.500000000000001,0.016514316393486526
206.9720981488616,420.8187641126199,2.500000000000001,0.029957635172279163
206.45956449352173,420.9477569225224,2.500000000000001,0.031066178384670632
205.9431049693232,421.06727191183217,2.500000000000001,0.015480272956838128
205.42466923499828,421.1820159952277,2.500000000000001,0.008595909778848438
204.907344234705,421.2994415371211,2.500000000000001,0.025409222841745637
204.3935361345601,421.42535720020476,2.500000000000001,0.02019047145811467
203.88264135202908,421.55830580638514,2.500000000000001,0.0036689689269403703
203.37112619277462,421.6897567137593,2.500000000000001,0.023662983453991027
202.85635702767598,421.81335266730116,2.500000000000001,0.025376067545498652
202.33847432638944,421.9294338836666,2.500000000000001,0.014666002580115479
201.8190072726592,422.0416915432578,2.500000000000001,0.0021912682202396335
201.29938975551562,422.1535841051326,2.500000000000001,0.00679653670049441
200.7806981950438,422.2677043897461,2.500000000000001,0.008983110903918092
200.26329989035264,422.3849366487789,2.500000000000001,0.0024610435525796014
199.7463317006685,422.50321029525696,2.500000000000001,0.007213255593490759
199.22827975492535,422.6188861354178,2.500000000000001,0.009865425605487393
198.70878864142196,422.7311071369157,2.500000000000001,0.0030795872347239026
198.18890723779583,422.8423936940799,2.500000000000001,0.006026136296458768
197.66987973789605,422.9557373921559,2.500000000000001,0.010124393482100657
197.1521882188404,423.07229316337197,2.500000000000001,0.006330791678715364
196.63542608725695,423.1910737597367,2.500000000000001,0.005797878207973014
196.11826271757394,423.30886438239924,2.500000000000001,0.023294164068182247
195.59847185514332,423.4202912528662,2.500000000000001,0.03647664055148198
195.0741570384494,423.52078004437453,2.500000000000001,0.03580400400208052
194.5453989541893,423.6105324328215,2.500000000000001,0.02277198295508975
194.01400920973973,423.6939287185202,2.500000000000001,0.0065283838198934305
193.48200120178439,423.7758351392436,2.500000000000001,0.005545949569389878
192.9508798871386,423.859889224937,2.500000000000001,0.00957066433677437
192.42112144870924,423.94724360692794,2.500000000000001,0.004068552596872522
191.8920821323425,424.0363459317856,2.500000000000001,0.008550798983293782
191.36206523990683,424.12310059664816,2.500000000000001,0.021311750013292097
190.82939385267656,424.2034586409602,2.500000000000001,0.027854322464532448
190.29328183875697,424.2755213316502,2.500000000000001,0.026385704595083572
189.7538623140383,424.3396092119813,2.500000000000001,0.018399613454361783
189.21217955056343,424.39824256785727,2.500000000000001,0.008259475738466983
188.66964315056734,424.4548236846759,2.500000000000001,0.0009002241228533846
188.127145964374,424.5115073083728,2.500000000000001,0.0014790201787695343
187.58498383646292,424.5690068948893,2.500000000000001,0.0023604064655853648
187.0428033075729,424.62646837597805,2.500000000000001,0.013416426468759705
186.4991945472516,424.6804875990053,2.500000000000001,0.02619238552983804
185.9520672844303,424.72601786161624,2.500000000000001,0.029899840046243444
185.4008036577049,424.76156685871507,2.500000000000001,0.021644345286522353
184.8467063320256,424.79027841523884,2.500000000000001,0.008983416239117501
184.2916560613702,424.8166915703805,2.500000000000001,0.0005242323942253224
183.7368398755273,424.84367038130483,2.500000000000001,0.004689650883302035
183.1827700833596,424.87245169450824,2.500000000000001,0.003703311385247486
182.62932017282517,424.9027327870444,2.500000000000001,0.0019191795128785643
182.07572651993794,424.9326754649948,2.500000000000001,0.010129528305841547
181.52083087129975,424.9594854351583,2.500000000000001,0.017619105743642373
180.96360374244168,424.9806635951306,2.500000000000001,0.02150578796746956
180.40345490059735,424.99476891594327,2.500000000000001,0.020436858915164124
179.8405116071549,425.00210718083247,2.500000000000001,0.015670957783033006
179.2755080378182,425.0044622426785,2.500000000000001,0.010075835220594874
178.70920451649607,425.00368144678845,2.500000000000001,0.005349191880813654
178.14221986268458,425.0012672779129,2.500000000000001,0.0017440775866308805
177.5750313752895,424.99837732084325,2.500000000000001,0.0007779119983908621
177.00797483262633,424.99582426041115,2.500000000000001,0.0022321244322336393
176.4412444924204,424.9940758814886,2.500000000000001,0.0026530852007097608
175.8748930918067,424.99325506898754,2.500000000000001,0.0022979301666498884
175.30884988518181,424.99318387175435,2.500000000000001,0.001655536044120016
174.74302299344996,424.99363352714886,2.500000000000001,0.00105862985795563
174.1773354583184,424.99441253653424,2.500000000000001,0.0005772031381173743
173.61172528263856,424.9953667638252,2.500000000000001,0.00021207890047456534
173.0461454304063,424.99637943548794,2.500000000000001,3.63332264739573e-05
172.48056382676177,424.99737114054045,2.500000000000001,0.0001705205145320522
171.91496335798925,424.99829983055224,2.500000000000001,0.0002143582961165205
171.34934051287405,424.99915742669606,2.500000000000001,0.00021564404559695283
170.78369586490433,424.99994605089705,2.500000000000001,0.0002088956676169138
170.21803000290865,425.00066786338976,2.500000000000001,0.0002021194589192475
169.65234351571561,425.00132502440897,2.500000000000001,0.00019534530971015252
169.0866369921537,425.0019196941893,2.500000000000001,0.00018857315806143475
168.52091102105157,425.0024540329655,2.500000000000001,0.0001818029417805603
167.95516619123774,425.0029302009721,2.500000000000001,0.00017503459868006463
167.3894030915408,425.00335035844387,2.500000000000001,0.00016826806653655126
166.8236223107893,425.0037166656154,2.500000000000001,0.0001615032829607666
166.2578244378118,425.0040312827213,2.500000000000001,0.0001547401854008361
165.69201006143683,425.0042963699963,2.500000000000001,0.00014797871145630126
165.12617977049302,425.00451408767515,2.500000000000001,0.00014121879879252434
164.56033415380892,425.00468659599244,2.500000000000001,0.00013446038469989028
163.99447380021303,425.00481605518274,2.500000000000001,0.00012770340623041826
163.42859929853398,425.0049046254808,2.500000000000001,0.00012094780077789764
162.8627112376003,425.00495446712125,2.500000000000001,0.00011419350568150025
162.29681020624062,425.00496774033877,2.500000000000001,0.00010744045800714317
161.73089679328342,425.00494660536805,2.500000000000001,0.0001006885948613434
161.16497158755735,425.0048932224437,2.500000000000001,9.393785330558729e-05
160.59903517789093,425.0048097518004,2.500000000000001,8.718817035947594e-05
160.03308815311266,425.0046983536728,2.500000000000001,8.043948295961418e-05
159.46713110205116,425.00456118829555,2.500000000000001,7.369172809573892e-05
158.901164613535,425.0044004159034,2.500000000000001,6.694484268075386e-05
158.33518927639278,425.0042181967309,2.500000000000001,6.0202691325720944e-05
157.76920567945305,425.00401669101285,2.500000000000001,5.3508142422301197e-05
157.20321441037612,425.0037980539507,2.500000000000001,4.6953651135360165e-05
156.63721604522078,425.0035643907622,2.500000000000001,4.061126890360396e-05
156.07121114295748,425.00331773304254,2.500000000000001,3.449968850150033e-05
155.50520024541945,425.00306003855314,2.500000000000001,2.861899783295481e-05
154.93918387730264,425.00279319122245,2.500000000000001,2.296912674504147e-05
154.37316254616582,425.00251900114523,2.500000000000001,1.755001071702165e-05
153.80713674243052,425.0022392045831,2.500000000000001,1.2361590919368656e-05
153.24110693938113,425.00195546396407,2.500000000000001,7.4038138287109765e-06
152.67507359316474,425.0016693678829,2.500000000000001,2.6766311530056516e-06
152.10903714279115,425.0013824311011,2.500000000000001,1.820000332693098e-06
151.54299801013306,425.0010960945464,2.500000000000001,6.0861193945031425e-06
150.97695659992587,425.0008117253136,2.500000000000001,1.0121759927890302e-05
150.4109132997678,425.0005306166639,2.500000000000001,1.3926951344607431e-05
149.8448684801198,425.0002539880252,2.500000000000001,1.7501719314722675e-05
149.27882249430564,424.9999829849918,2.500000000000001,2.0846085533122485e-05
148.7127756785119,424.9997186793249,2.500000000000001,2.3960067663499086e-05
148.1467283517878,424.9994620689523,2.500000000000001,2.6843680080755332e-05
147.58068081604546,424.99921407796825,2.500000000000001,2.949693377098309e-05
147.01463335605973,424.9989755566338,2.500000000000001,3.19198366305758e-05
146.44858623946828,424.9987472813764,2.500000000000001,3.4112393898374125e-05
145.88253971677153,424.99852995479034,2.500000000000001,3.60746079225438e-05
145.31649402133263,424.9983242056364,2.500000000000001,3.7806478637010983e-05
144.7504493693775,424.9981305888421,2.500000000000001,3.9308003550213296e-05
144.184405959995,424.99794958550154,2.500000000000001,4.0579178354484006e-05
143.61836397513653,424.9977816028753,2.500000000000001,4.16199971361408e-05
143.0523235796165,424.99762697439076,2.500000000000001,4.2430451920360724e-05
142.4862849211119,424.9974859596419,2.500000000000001,4.301053332465812e-05
141.9202481301626,424.9973587443892,2.500000000000001,4.336023116794982e-05
141.35421332017123,424.9972454405598,2.500000000000001,4.347953423670887e-05
140.7881805874032,424.99714608624765,2.500000000000001,4.3368430006665883e-05
140.22215001098664,424.9970606457132,2.500000000000001,4.302690569499882e-05
139.65612165291256,424.9969890093833,2.500000000000001,4.2454948469670774e-05
139.09009555803468,424.9969309938518,2.500000000000001,4.165254503765262e-05
138.5240717540695,424.9968863418788,2.500000000000001,4.0623609585190275e-05
137.95805025159626,424.9968547223914,2.500000000000001,3.941105967778442e-05
137.39203104522525,424.9968357355162,2.500000000000001,3.810741151624622e-05
136.82601412403116,424.9968289575301,2.500000000000001,3.6784794925412596e-05
136.25999947703963,424.9968339644996,2.500000000000001,3.5461984606225875e-05
135.69398709327643,424.99685033249114,2.500000000000001,3.4139145094372755e-05
135.12797696176736,424.9968776375711,2.500000000000001,3.281627654032917e-05
134.56196907153813,424.99691545580606,2.500000000000001,3.149337909372568e-05
133.9959634116144,424.9969633632623,2.500000000000001,3.0170453169547736e-05
133.42995997102201,424.99702093600627,2.500000000000001,2.8847499004552316e-05
132.86395873878664,424.9970877501044,2.500000000000001,2.752451679039304e-05
132.29795970393405,424.9971633816231,2.500000000000001,2.6201506851080165e-05
131.73196285549002,424.9972474066289,2.500000000000001,2.4878469199423727e-05
131.1659681824802,424.9973394011882,2.500000000000001,2.3555404158126546e-05
130.59997567393043,424.99743894136725,2.500000000000001,2.223231218233158e-05
130.03398531886637,424.9975456032327,2.500000000000001,2.0909193194283422e-05
129.4679971063138,424.9976589628509,2.500000000000001,1.9586047514931942e-05
128.9020110252984,424.9977785962882,2.500000000000001,1.8262875553431517e-05
128.33602706484598,424.9979040796111,2.500000000000001,1.693967736356126e-05
127.77004521398226,424.998034988886,2.500000000000001,1.5616453264805064e-05
127.20406546173298,424.99817090017933,2.500000000000001,1.4293203398811108e-05
126.63808779712384,424.9983113895576,2.500000000000001,1.296992795120945e-05
126.07211220918064,424.9984560330871,2.500000000000001,1.1646627329060841e-05
125.50613868692909,424.9986044068344,2.500000000000001,1.0323301717323207e-05
124.94016721939492,424.99875608686574,2.500000000000001,8.99995134504045e-06
124.37419779560389,424.99891064924776,2.500000000000001,7.67657626352906e-06
123.80823040458172,424.9990676700468,2.500000000000001,6.353176701362742e-06
123.24226503535415,424.99922672532927,2.500000000000001,5.0297532418455775e-06
122.67630167694693,424.9993873911615,2.500000000000001,3.7063059801194707e-06
122.1103403183858,424.99954924361015,2.500000000000001,2.3828348781243753e-06
121.54438094869649,424.9997118587415,2.500000000000001,1.0593402969874621e-06
120.97842355690476,424.99987481262195,2.500000000000001,2.6417740221504385e-07
120.41246813203634,425.00003768131796,2.500000000000001,1.5877180358587774e-06
119.84651466311695,425.000200040896,2.500000000000001,2.911281420312729e-06
119.28056313917234,425.00036146742247,2.500000000000001,4.234867416266274e-06
118.71461354922823,425.00052153696384,2.500000000000001,5.558475706851969e-06
118.1486658823104,425.0006798255864,2.500000000000001,6.882105975096815e-06
117.58272012744456,425.0008359093568,2.500000000000001,8.205758170085092e-06
117.01677627365649,425.00098936434125,2.500000000000001,9.529431930130674e-06
116.45083430997187,425.0011397666063,2.500000000000001,1.0853127026401078e-05
115.88489422541645,425.00128669221834,2.500000000000001,1.2176843318585298e-05
115.318956009016,425.0014297172438,2.500000000000001,1.3500580577388143e-05
114.75301964979629,425.0015684177492,2.500000000000001,1.482433857314761e-05
114.18708513678297,425.00170236980074,2.500000000000001,1.6148116942704478e-05
113.6211524590018,425.00183114946503,2.500000000000001,1.747191554443918e-05
113.05522160547862,425.0019543328084,2.500000000000001,1.8795734103196917e-05
112.48929256523904,425.0020714958973,2.500000000000001,2.0119572387681823e-05
111.92336532730887,425.00218221479827,2.500000000000001,2.1443430299270405e-05
111.35743988071381,425.00228606557766,2.500000000000001,2.2767307605708196e-05
110.79151621447963,425.0023826243019,2.500000000000001,2.4091203941064994e-05
110.22559431763204,425.00247146703737,2.500000000000001,2.5415118983202478e-05
109.65967417919683,425.00255216985056,2.500000000000001,2.673905271996642e-05
109.0937557881997,425.0026243088079,2.500000000000001,2.8063004961059123e-05
108.52783913366639,425.0026874599758,2.500000000000001,2.9386975204887888e-05
107.96192420462263,425.0027411994206,2.500000000000001,3.071096330413151e-05
107.3960109900942,425.00278510320885,2.500000000000001,3.2034969155087134e-05
106.83009947910679,425.0028187474069,2.500000000000001,3.335899234265515e-05
106.2641896606862,425.0028417080812,2.500000000000001,3.468303271715488e-05
105.69828152385811,425.0028535612982,2.500000000000001,3.600709008367851e-05
105.13237505764829,425.0028538831243,2.500000000000001,3.733116420206683e-05
104.56647025108246,425.00284224962604,2.500000000000001,3.8655254786864446e-05
104.00056709318638,425.00281823686964,2.500000000000001,3.997936150728769e-05
103.43466557298576,425.00278142092174,2.500000000000001,4.130348429781624e-05
102.86876567950637,425.0027313778486,2.500000000000001,4.262762278128943e-05
102.30286740177394,425.0026676837167,2.500000000000001,4.3951776668239135e-05
101.7369707288142,425.00258991459253,2.500000000000001,4.5275945978741774e-05
101.17107564965292,425.0024976465425,2.500000000000001,4.660013033237349e-05
100.6051821533158,425.0023904556329,2.500000000000001,4.7924329214437663e-05
100.03929022882859,425.0022679179303,2.500000000000001,4.9248542552804055e-05
99.47339986521703,425.0021296095011,2.500000000000001,5.057277036287412e-05
98.90751105150687,425.00197510641175,2.500000000000001,5.189701221504545e-05
98.34162377672384,425.00180398472855,2.500000000000001,5.322126750090944e-05
97.77573802989369,425.00161582051805,2.500000000000001,5.454553645389172e-05
97.20985380004214,425.0014101898468,2.500000000000001,5.586981886232116e-05
96.64397107619494,425.00118666878086,2.500000000000001,5.719411389183885e-05
96.07808984737784,425.000944833387,2.500000000000001,5.851842168296926e-05
95.51221010261655,425.0006842597315,2.500000000000001,5.984274206416801e-05
94.94633183093684,425.00040452388083,2.500000000000001,6.116707464046416e-05
94.38045502136445,425.0001052019014,2.500000000000001,6.249141919289963e-05
93.8145796629251,424.99978586985964,2.500000000000001,6.381577536787253e-05
93.24870574464452,424.9994461038219,2.500000000000001,6.514014289890768e-05
92.68283325554847,424.99908547985467,2.500000000000001,6.646452142915745e-05
92.11696218466268,424.9987035740244,2.500000000000001,6.778891086637868e-05
91.55109252101292,424.99829996239754,2.500000000000001,6.899311339580422e-05
90.98522425362486,424.9978742210405,2.500000000000001,6.38470669278678e-05
90.41935731382667,424.99742607993124,2.500000000000001,3.160841158827264e-05
89.85348870013668,424.99696309247537,2.500000000000001,5.1668248042979006e-05
89.28760832998734,424.9965117012557,2.500000000000001,0.00019595006387185666
88.72169871661828,424.99611809993763,2.500000000000001,0.0004018443917892806
88.15573496907622,424.9958482332689,2.500000000000001,0.0006692165118673447
87.58968479221508,424.99578779707963,2.500000000000001,0.0009978384430693295
87.0235084866958,424.99604223828254,2.500000000000001,0.0013873644368306147
86.45715894898659,424.9967367548728,2.500000000000001,0.0018114175696245852
85.8905816713627,424.9980162959279,2.500000000000001,0.0016894263012441075
85.32372831691829,425.0000123090054,2.500000000000001,0.0005508023676952065
84.75683417063298,425.0021631112596,2.500000000000001,0.006454811396540444
84.19067754509423,425.0025784634426,2.500000000000001,0.015959750724425608
83.62658974132263,424.9980151704137,2.500000000000001,0.02495789302450918
83.06608146246477,424.9847872983279,2.500000000000001,0.026065561801859066
82.50931208835327,424.96249568125836,2.500000000000001,0.017282699565556572
81.95476029769269,424.9348307459861,2.500000000000001,0.006478937045481816
81.40071125578561,424.90595664715846,2.500000000000001,0.0010583941729546075
80.84668184238305,424.87704585310854,2.500000000000001,5.997790196966681e-06
80.29265407625473,424.84814111507865,2.500000000000001,0.00010379222347861427
79.73861668904047,424.8192690484604,2.500000000000001,0.000176681080764571
79.18456038925044,424.7904516372009,2.500000000000001,0.00023419138962113933
78.63047786226527,424.7617062338021,2.500000000000001,0.0002763239863827137
78.07636377033594,424.73304555932134,2.500000000000001,0.0003030843414536111
77.52221475258386,424.7044777033711,2.500000000000001,0.00031448112312948434
76.96802942500078,424.6760061241189,2.500000000000001,0.00031052476044983007
76.41380838044891,424.64762964828765,2.500000000000001,0.0002912260039869521
75.85955418866087,424.6193424711551,2.500000000000001,0.0002565944845539248
75.30527139623963,424.59113415655446,2.500000000000001,0.00020663726879684738
74.7509665266586,424.5629896368739,2.500000000000001,0.00014135741381724934
74.19664808026155,424.53488921305694,2.500000000000001,6.110455785318193e-05
73.64232653426268,424.5068085546022,2.500000000000001,2.796975123989145e-05
73.08801416364884,424.47871912484027,2.500000000000001,0.00011031446143098294
72.53372226510409,424.45059477286975,2.500000000000001,0.000171765463917493
71.97945896966347,424.4224169275248,2.500000000000001,0.00020791421265634066
71.42522918346192,424.3941747380699,2.500000000000001,0.00022522471825892738
70.87103464543192,424.3658649202884,2.500000000000001,0.0002456349686065715
70.31687680241559,424.3374840869661,2.500000000000001,0.0002944932095430729
69.76276095744085,424.3090176821421,2.500000000000001,0.00038239700798340786
69.20869659282833,424.28043911920327,2.500000000000001,0.0005101024919614721
68.65469737019149,424.2517097808844,2.500000000000001,0.0006776744289995005
68.10078113043649,424.2227790192682,2.500000000000001,0.0008852060389620976
67.54696989376232,424.1935841557851,2.500000000000001,0.0011328264434955753
66.9932898596607,424.16405048121374,2.500000000000001,0.00139310743596319
66.43977140691611,424.13409125568006,2.500000000000001,0.0010463291823691713
65.88643551859406,424.1036409612611,2.500000000000001,0.0015942158098593599
65.33301633097447,424.0733349308666,2.500000000000001,0.0081195638145719
64.77870172782941,424.04514477423976,2.500000000000001,0.01783350466612172
64.22213874269163,424.02236597810173,2.500000000000001,0.024907333877190956
63.66197195735181,424.0083129129788,2.500000000000001,0.019948950192044818
63.098581339244106,424.00209126859795,2.500000000000001,0.000995281698330039
62.53495198233352,423.99649098785096,2.500000000000001,0.01931589731367053
61.97457184752887,423.9830762135728,2.500000000000001,0.02548840245075861
61.418017321502376,423.9604254100507,2.500000000000001,0.017071846612913676
60.86356948518793,423.93263335128387,2.500000000000001,0.006446058116553653
60.309600150350455,423.9036090085913,2.500000000000001,0.0012809896000515663
59.75569345886894,423.8743999084697,2.500000000000001,0.0001133025132327893
59.201770648022,423.84524469417573,2.500000000000001,0.0006444034229424801
58.647778496133824,423.8163040491103,2.500000000000001,0.0009196204346110793
58.09368901536799,423.78766141754147,2.500000000000001,0.0009397950897842895
57.53949945172744,423.75932300460414,2.500000000000001,0.0007053468197810859
56.98523228505449,423.73121777630007,2.500000000000001,0.00022896900634330848
56.43093522903079,423.70319745949797,2.500000000000001,0.0003792981892625147
55.87667633418819,423.67505157923046,2.500000000000001,0.0009008296877989017
55.322510251919915,423.646611052568,2.500000000000001,0.0011783386726704568
54.768464024119346,423.6177918247005,2.500000000000001,0.0011755685318659461
54.2145370334979,423.58859502149767,2.500000000000001,0.0008979983384004698
53.660701182682786,423.55910652423165,2.500000000000001,0.0003608541995842144
53.106903670292425,423.52949037764165,2.500000000000001,0.00042154169877809804
52.553069178282755,423.49998359596594,2.500000000000001,0.0014438275770448324
51.99909993119825,423.47089602224725,2.500000000000001,0.00260420947423859
51.44487569617193,423.4426103283327,2.500000000000001,0.003286616192339844
50.890292753036334,423.41546081360235,2.500000000000001,0.002459059746887855
50.33542570205008,423.3892301653911,2.500000000000001,0.0004929847868623549
49.78056945356375,423.3630188665734,2.500000000000001,0.005482949268009562
49.22623794082502,423.33525325259797,2.500000000000001,0.011954787920764131
48.67312693868084,423.30391823604685,2.500000000000001,0.01935738382796476
48.12207211339242,423.26681988053394,2.500000000000001,0.027557787552423812
47.57404677722884,423.22159945511567,2.500000000000001,0.036450101455608126
47.03016309416123,423.16573463222574,2.500000000000001,0.045271931822249464
46.4919710684714,423.09683655206464,2.500000000000001,0.053059656095916105
45.962148306728125,423.0133351454322,2.500000000000001,0.05886434455200573
45.44424070903795,422.91459344785545,2.500000000000001,0.05996041991430691
44.93882866294708,422.80113721584956,2.500000000000001,0.05384929032153084
44.44200029285852,422.67490016573225,2.500000000000001,0.04159917277699877
43.949943347723185,422.5383768004417,2.500000000000001,0.02605685989395127
43.45992710703378,422.39550229724136,2.500000000000001,0.015544559245644319
42.970918021187614,422.25017826730453,2.500000000000001,0.021738889491958333
42.4855689248167,422.1014980483869,2.500000000000001,0.04228251711464177
42.00944978515566,421.94375709306587,2.500000000000001,0.05933148269298224
41.544514050068805,421.772916544356,2.500000000000001,0.06367870282512482
41.088494551172,421.5890422037328,2.500000000000001,0.06475757691775506
40.640690380467326,421.3922112032298,2.500000000000001,0.06934169863008594
40.202766438262834,421.18157895456756,2.500000000000001,0.07242207046033926
39.77551394342756,420.9567320884662,2.500000000000001,0.07069011276336477
39.35732532809482,420.7183272215936,2.500000000000001,0.06940032527425201
38.94751725111954,420.4667110737603,2.500000000000001,0.07229849746529282
38.547433799232124,420.20146224791495,2.500000000000001,0.07434487320947376
38.158297684353535,419.9222672021748,2.500000000000001,0.07078799875611097
37.778617391173704,419.62990326892697,2.500000000000001,0.06652116947317942
37.40697778830704,419.32504588065393,2.500000000000001,0.06788993404607935
37.0441704172944,419.00738674840954,2.500000000000001,0.07143780607717652
36.69199585199604,418.6761299453404,2.500000000000001,0.07012321846577992
36.349894800071056,418.3313873182079,2.500000000000001,0.06603149579466716
36.016339696024986,417.9736019576995,2.500000000000001,0.06631466193145005
35.6916714811922,417.60237301028116,2.500000000000001,0.06915997766292474
35.37770930952414,417.21661734227115,2.500000000000001,0.06587955185156102
35.07400349573575,416.8162267456073,2.500000000000001,0.057396572196464164
34.77791207346486,416.4024724704647,2.500000000000001,0.05456198003222697
34.48947003876244,415.9761015254306,2.500000000000001,0.05995896606059111
34.21206373399806,415.5370498151426,2.500000000000001,0.06437226503632955
33.948701111171566,415.08576971101814,2.500000000000001,0.05893196227768093
33.699124782204116,414.62418065759425,2.500000000000001,0.04227876214979079
33.459718175812476,414.15569492208516,2.500000000000001,0.021457604481966548
33.22490260398731,413.68463721526416,2.500000000000001,0.0067983588292106194
32.99150136178982,413.2140161154397,2.500000000000001,8.135086664837458e-05
32.758796880827944,412.7445293636389,2.500000000000001,0.0051419399814129985
32.52500843619355,412.27601593924356,2.500000000000001,0.006489717768634824
32.28836712019043,411.8083996244175,2.500000000000001,0.001975044757756858
32.05177741246199,411.34047178905934,2.500000000000001,0.015332990160231758
31.81953069562703,410.8706101176405,2.500000000000001,0.021227446225741794
31.59391529897018,410.3979765842698,2.500000000000001,0.013700356139629924
31.372205922317804,409.9237643973806,2.500000000000001,0.0004990761992341195
31.149994225721116,409.4498184242616,2.500000000000001,0.003257689508069828
30.925462991363656,408.97687132306413,2.500000000000001,0.008290620346753114
30.70282782451963,408.50315078399996,2.500000000000001,0.022413337743261555
30.487147450273746,408.02654194973024,2.500000000000001,0.021838427360072875
30.278352124425517,407.54706722618016,2.500000000000001,0.006449127565466689
30.070901073451903,407.0670281694864,2.500000000000001,0.0061642466042098
29.86038464401528,406.58825909393937,2.500000000000001,0.00410984788546877
29.648421445595964,406.1100915614486,2.500000000000001,0.002856093118944268
29.43826381052255,405.6311781051584,2.500000000000001,0.0011421304591571013
29.22883234108674,405.1519644600561,2.500000000000001,0.004135536475509675
29.01729855892771,404.6736208768551,2.500000000000001,0.0012967546190740668
28.805061272338104,404.19556798517254,2.500000000000001,0.0048415441305738405
28.59502103808699,403.71660486363584,2.500000000000001,0.00144521020629155
28.386185518115017,403.23714286925195,2.500000000000001,0.007689896131292858
28.174204678483626,402.7589839462052,2.500000000000001,0.0060633183865715775
27.95953497722601,402.28193894045756,2.500000000000001,0.00808921391197493
27.747255347594116,401.8039039349595,2.500000000000001,0.019730927430599912
27.54106708949222,401.3233457313989,2.500000000000001,0.020398312129859528
27.34025247415932,400.84056163847185,2.500000000000001,0.014743326237736925
27.143210818820165,400.35621471505755,2.500000000000001,0.007229197039931302
26.948146142845633,399.87104890628814,2.500000000000001,0.0016867693700279985
26.752659594832167,399.3860578586388,2.500000000000001,0.010916366753839606
26.554335286081187,398.90224225929666,2.500000000000001,0.0199294657535437
26.351077923267862,398.42046999735925,2.500000000000001,0.02542697028621
26.1403879298603,397.94177642819403,2.500000000000001,0.01783855217003954
25.92379740510727,397.4655269362686,2.500000000000001,0.003753490190067233
25.708395510460225,396.98878509729377,2.500000000000001,0.02272502333201599
25.500315519866135,396.5090104274977,2.500000000000001,0.025003665920681768
25.299384129267818,396.02627471167426,2.500000000000001,0.01410217514226876
25.10210012670862,395.54202819862,2.500000000000001,0.0007195144907199508
24.904621469199288,395.0578623142172,2.500000000000001,0.006466170279373843
24.70461175491502,394.57474482760784,2.500000000000001,0.001885117145172725
24.50332540836766,394.09215613920196,2.500000000000001,0.012598681861812233
24.30521868451619,393.6082504079245,2.500000000000001,0.02597271616812132
24.114758883786724,393.121177217428,2.500000000000001,0.02349077479696973
23.932073769544573,392.6308836464365,2.500000000000001,0.0013458120564661233
23.749955009853597,392.14035548386755,2.500000000000001,0.022137226743201455
23.56029138156194,391.65295250831514,2.500000000000001,0.02445500947405336
23.362754981723814,391.1688105413738,2.500000000000001,0.005359467306803555
23.163793303589042,390.6852589435755,2.500000000000001,0.016677608285306993
22.970139706968283,390.1995086659975,2.500000000000001,0.02272577771485147
22.784147592261885,389.71058489888964,2.500000000000001,0.007932478099726505
22.600501810498237,389.2206892503789,2.500000000000001,0.009336161278548038
22.412528772327136,388.7325860120933,2.500000000000001,0.0066304886411226146
22.22141841303629,388.2457822948013,2.500000000000001,0.012408827465013123
22.034205804172053,387.75736407328816,2.500000000000001,0.027019744744245972
21.854882350133018,387.2656780527435,2.500000000000001,0.029352883587012664
21.683232906629826,386.770813350762,2.500000000000001,0.025820329579474853
21.518119557460565,386.27324131250396,2.500000000000001,0.017877019694215703
21.358517366162953,385.7733864890399,2.500000000000001,0.0019049237620602582
21.199585076838957,385.2732542046201,2.500000000000001,0.014851414057344579
21.035747213981043,384.77515388975945,2.500000000000001,0.018594467130306876
20.865900171254825,384.2795426395434,2.500000000000001,0.007610681566132057
20.69405575123933,383.78475867748773,2.500000000000001,0.009369211824105472
20.524483161238553,383.2890336542313,2.500000000000001,0.024986295251367762
20.36188337133744,382.79042040080935,2.500000000000001,0.032504327135111415
20.208499891913807,382.2879896538669,2.500000000000001,0.03020901999406606
20.06292790025503,381.78232333030337,2.500000000000001,0.027310558954783057
19.92354352587538,381.2740940707856,2.500000000000001,0.029959138969411776
19.792157628990793,380.76255179515,2.500000000000001,0.030416230162464343
19.66967593006328,380.2473213356037,2.500000000000001,0.02110498061499968
19.553182954555652,379.7296103042868,2.500000000000001,0.0080482071301812
19.43802932836141,379.2113444425968,2.500000000000001,0.003140103957023171
19.322714022962234,378.6931452532639,2.500000000000001,0.011945550320163366
19.20970316312293,378.17399083478256,2.500000000000001,0.027712851950055586
19.104891599576362,377.65143915580865,2.500000000000001,0.033263204277976646
19.010887093918367,377.12441117058313,2.500000000000001,0.01740302482669465
18.922892267573204,376.59489701364316,2.500000000000001,0.010731671433987892
18.831019335780184,376.06699707075745,2.500000000000001,0.028851327100885844
18.729197573490463,375.5432261216888,2.500000000000001,0.020535517835996754
18.619985243799867,375.0225113985306,2.500000000000001,0.007371272578088054
18.51354544615973,374.50062097131763,2.500000000000001,0.028205211162212022
18.416793174933193,373.9746875528571,2.500000000000001,0.026261500640237335
18.328172608176832,373.44537392748225,2.500000000000001,0.011939317898079577
18.24212439793723,372.9149984986702,2.500000000000001,0.002951317724254834
18.15586625407867,372.38472230827665,2.500000000000001,0.007616114188233299
18.07069688289295,371.85400914935076,2.500000000000001,0.02207591753438368
17.991920337918465,371.3206606241948,2.500000000000001,0.03251040680032682
17.92361389993711,370.78298644663045,2.500000000000001,0.028096453396593304
17.86426855878204,370.24161030809546,2.500000000000001,0.013414433178875007
17.808378452006682,369.6988115095554,2.500000000000001,0.0005379410528425564
17.751979889395482,369.1562306189643,2.500000000000001,0.004050022292488828
17.693763371886927,368.6144088572493,2.500000000000001,0.00025269591422994624
17.635054218783072,368.0727961227457,2.500000000000001,0.012018595397064992
17.579439257755222,367.5299056205324,2.500000000000001,0.025424153148665907
17.531900834688884,366.98367256904027,2.500000000000001,0.030379904153657704
17.49452713756293,366.4332310614452,2.500000000000001,0.022686255100039136
17.46446943625098,365.8797602137612,2.500000000000001,0.010075590717932223
17.436730232310506,365.3253292486352,2.500000000000001,0.0021415333624557535
17.40919327026285,364.7708139489843,2.500000000000001,0.0003025471482033262
17.38152315749092,364.2163524756129,2.500000000000001,0.000917903306551868
17.353550926491693,363.66201411914943,2.500000000000001,0.0011521348951416277
17.325205978069526,363.1078274913599,2.500000000000001,0.001060832103076571
17.2965160813362,362.5537805251482,2.500000000000001,0.0006431857029285716
17.267607373710895,361.9998204745558,2.500000000000001,9.481434784939232e-05
17.238704360920195,361.4458539147619,2.500000000000001,0.0009430329051786522
17.210122313648913,360.89174989356235,2.500000000000001,0.001270100151506683
17.182029833411967,360.337438344405,2.500000000000001,0.00040707294114354517
17.154170382444214,359.783025508249,2.500000000000001,0.0016578029062714363
17.12584640771271,359.2288005139345,2.500000000000001,0.0031570496635254974
17.096214160641146,358.6751130093568,2.500000000000001,0.0008047001446149333
17.065853408282884,358.1217216320876,2.500000000000001,0.007523676921985198
17.037287783910962,357.56757803098094,2.500000000000001,0.019755011667378086
17.014926736163392,357.0108510464687,2.500000000000001,0.027991243220669454
17.002358855748476,356.45005411537545,2.500000000000001,0.024726041957641453
16.99855993985674,355.8856247177073,2.500000000000001,0.01318841976032523
16.99855909884691,355.3196442981886,2.500000000000001,0.0036734744784559137
16.999022834197625,354.7534968962873,2.500000000000001,0.0002955629119032867
16.999468475179018,354.18736441346005,2.500000000000001,0.00014232920833812075
16.999864759742064,353.62124452510466,2.500000000000001,0.000193693205783693
17.00019534679732,353.0551358502556,2.500000000000001,0.00020567215062725975
17.00045835101947,352.4890379221645,2.500000000000001,0.00019583384958124183
17.000658544654083,351.9229506951235,2.500000000000001,0.00018049595114590593
17.00080089503965,351.35687413576306,2.500000000000001,0.0001650043401038613
17.000890369514668,350.7908082107135,2.500000000000001,0.00014951122774989326
17.000931935417622,350.2247528866052,2.500000000000001,0.00013401662455092314
17.000930560087014,349.65870813006853,2.500000000000001,0.00011852054047806585
17.000891210861333,349.09267390773374,2.500000000000001,0.0001030229850436056
17.00081885507908,348.52665018623134,2.500000000000001,8.75239673405803e-05
17.000718460078737,347.96063693219173,2.500000000000001,7.202349611007186e-05
17.000594993198806,347.39463411224506,2.500000000000001,5.652157978962221e-05
17.00045342177777,346.8286416930218,2.500000000000001,4.101822655817568e-05
17.00029871315413,346.26265964115237,2.500000000000001,2.5513444428496735e-05
17.000135834666384,345.6966879232671,2.500000000000001,1.0007241278938499e-05
16.99996975365302,345.1307265059964,2.500000000000001,5.5003751428809275e-06
16.999805437452522,344.5647753559705,2.500000000000001,2.1009397108240654e-05
16.9996478534034,343.99883443981986,2.500000000000001,3.651981683134256e-05
16.99950196884414,343.43290372417476,2.500000000000001,5.2031626476423625e-05
16.999372751113235,342.8669831756656,2.500000000000001,6.7544818087504e-05
16.99926516754918,342.3010727609228,2.500000000000001,8.305938352059258e-05
16.99918418549046,341.73517244657666,2.500000000000001,9.857531439538489e-05
16.99913477227558,341.1692821992576,2.500000000000001,0.0001140926020303425
16.99912189524302,340.603401985596,2.500000000000001,0.00012959706146111445
16.999150521731288,340.0375317722221,2.500000000000001,0.00014356579355921935
16.99922560092145,339.47167152039304,2.500000000000001,0.0001502039109033666
16.99935014966145,338.90582061952426,2.500000000000001,0.00014212674669745052
16.99952167804322,338.3399768293997,2.500000000000001,0.00011592873694458717
16.999731798027035,337.7741361643506,2.500000000000001,7.130294134284793e-05
16.999966223441493,337.2082928932557,2.500000000000001,8.252069422283333e-06
17.00020476998354,336.642439539541,2.500000000000001,7.321541234285407e-05
17.000421355218442,336.0765668811796,2.500000000000001,0.00017308357950274094
17.000583998579817,335.5106639506922,2.500000000000001,0.00029093997885387864
17.000654821369604,334.944718035147,2.500000000000001,0.00041327050173986594
17.00059054297008,334.37871485625516,2.500000000000001,0.0004990087070950144
17.000358758788153,333.8126444783163,2.500000000000001,0.0005041008455476809
16.999957491626198,333.2465084042263,2.500000000000001,0.0004116081165553286
16.99941634947761,332.6803199956892,2.500000000000001,0.00022072248708318403
16.998796525526796,332.1141044732177,2.500000000000001,6.855615531851246e-05
16.99819079814917,331.54789891613274,2.500000000000001,0.0004555875978884933
16.997723530911163,330.9817522625638,2.500000000000001,0.0008999010076063871
16.997549649169667,330.4157249049333,2.500000000000001,0.00126624379524997
16.99780431796259,329.8498687993371,2.500000000000001,0.0013980448728053711
16.998530724021418,329.28419892022896,2.500000000000001,0.0012292347292473956
16.99967449325994,328.71869105384326,2.500000000000001,0.000754465598825715
17.001083690774276,328.15328179819505,2.500000000000001,2.656340933111774e-05
17.002508820842873,327.5878685630805,2.500000000000001,0.0011111184409079175
17.00360282692649,327.02230957007606,2.500000000000001,0.0023543491934983132
17.003923284347024,326.45642475182365,2.500000000000001,0.0032367819596501946
17.003109570037424,325.89006841473713,2.500000000000001,0.0031250397692616917
17.001187514067002,325.32325418586623,2.500000000000001,0.0017451165980140752
16.998599461424828,324.7561673421487,2.500000000000001,0.0009218853737943149
16.996204272019725,324.18916481041015,2.500000000000001,0.004890060066425054
16.995277320680255,323.62277516736447,2.500000000000001,0.010200563319533886
16.997510497154735,323.0576986396134,2.500000000000001,0.016415234535477025
17.005007939581517,322.4948053414224,2.500000000000001,0.021496348564546124
17.01963007027602,321.9348643387914,2.500000000000001,0.022529133444503174
17.041636553025516,321.37798314383764,2.500000000000001,0.017869139405656168
17.06951812333797,320.82353825486643,2.500000000000001,0.007925872964190365
17.099996588442057,320.27017515637124,2.500000000000001,0.0022056563423194504
17.12896379416323,319.71619648683986,2.500000000000001,0.004164917808546307
17.155697361173615,319.16130460722246,2.500000000000001,0.004981179586874432
17.183371437712218,318.60681308224366,2.500000000000001,0.02020470996637064
17.217426218718263,318.054974211331,2.500000000000001,0.03137109760222029
17.262061331316097,317.5075265698338,2.500000000000001,0.02916036415151663
17.316254373374544,316.96404537643474,2.500000000000001,0.015401746585022824
17.374610828537776,316.422294449158,2.500000000000001,0.0016007618554359298
17.432753735545628,315.8804583673823,2.500000000000001,0.004319850953675461
17.48898976992023,315.33783248898845,2.500000000000001,0.0010787875475315191
17.544303940059965,314.794820782405,2.500000000000001,0.01037143875795947
17.602131326376938,314.25284225582504,2.500000000000001,0.02540533731121543
17.66775239853497,313.7140816726519,2.500000000000001,0.03387444760088827
17.7441665505819,313.1797802808152,2.500000000000001,0.027991139040629984
17.829160477867184,312.6490214195658,2.500000000000001,0.012387406178696107
17.91711979324871,312.11948091824274,2.500000000000001,0.001067727587270799
18.004143575451952,311.5895456235418,2.500000000000001,0.005855142129540948
18.088909355770742,311.0586716713703,2.500000000000001,0.0012636171345014823
18.172709444853254,310.5273985809846,2.500000000000001,0.01167246802237042
18.259310072885047,309.9972895492855,2.500000000000001,0.027094933060161964
18.354082380787126,309.4705713952829,2.500000000000001,0.03377557086009356
18.459218101640072,308.94815282186653,2.500000000000001,0.025900364821857313
18.571801177422813,308.4288256496998,2.500000000000001,0.010955424448423318
18.686703248451202,307.9104641692682,2.500000000000001,0.0005687029538808616
18.801119806580747,307.39190408767564,2.500000000000001,0.0007504308357266579
18.914788209942095,306.8730335568554,2.500000000000001,0.006258795508642529
19.029644149549387,306.3546521213472,2.500000000000001,0.0193240484233373
19.149500639029522,305.83833787450584,2.500000000000001,0.03077020574679941
19.27856145485158,305.325831705288,2.500000000000001,0.028698267603999888
19.41645667964232,304.81698095253245,2.500000000000001,0.010059761820452947
19.557309951463957,304.3093530468664,2.500000000000001,0.013883472748482128
19.693821187522634,303.79992662530503,2.500000000000001,0.028904363589429896
19.821688896817466,303.2869225398736,2.500000000000001,0.02825767496856441
19.941108477973472,302.770422873018,2.500000000000001,0.013517973268504846
20.05643410358098,302.2522306872481,2.500000000000001,0.009085794688509155
20.174129915363046,301.7350213823818,2.500000000000001,0.02912337175850075
20.300773954447678,301.2215166592484,2.500000000000001,0.0340196224343945
20.437733998745735,300.7122825995679,2.500000000000001,0.01846756531114558
20.580524006560264,300.20546275277223,2.500000000000001,0.011005272737604281
20.720434988828842,299.6974507208976,2.500000000000001,0.03636452879319034
20.848906713225183,299.1847009492065,2.500000000000001,0.037966428048153145
20.965362663108593,298.66697452971,2.500000000000001,0.0140410858660974
21.077432697325044,298.1474315202032,2.500000000000001,0.01911467641753439
21.19542620873647,297.63034196368693,2.500000000000001,0.040248442592087465
21.326177154517225,297.1185365129217,2.500000000000001,0.03420739233597294
21.467664406770687,296.6111781031371,2.500000000000001,0.0052619043502463245
21.610397679539943,296.10433587843454,2.500000000000001,0.023662586995697572
21.745334450715582,295.5942643074035,2.500000000000001,0.03005794828941593
21.87013073348801,295.0799924297661,2.500000000000001,0.009307369839592277
21.991666427157185,294.5643699660969,2.500000000000001,0.0194919675210667
22.12009974759107,294.05160457951814,2.500000000000001,0.031074915096083452
22.258411333143112,293.5429308905912,2.500000000000001,0.021138163448210102
22.40236922291481,293.03659596881465,2.500000000000001,0.00417688671460709
22.54699299150852,292.53053686433714,2.500000000000001,0.008000517604544231
22.688943728911195,292.02337056134337,2.500000000000001,0.010449007950001758
22.827322764421094,291.514724814866,2.500000000000001,0.0037227623350979656
22.96471601692179,291.0056707434208,2.500000000000001,0.00437433768002357
23.103797151600215,290.4973158140567,2.500000000000001,0.0074901664395582625
23.245017231519856,289.98984686364975,2.500000000000001,0.007804544251585552
23.388014979345815,289.4831142467708,2.500000000000001,0.009931137808291454
23.533375101291874,288.9773601571665,2.500000000000001,0.013046561888776554
23.682469437467933,288.47315283004224,2.500000000000001,0.010076898985330813
23.835152582806177,287.9704320367262,2.500000000000001,0.0009480009458196847
23.987264333514645,287.46747456411265,2.500000000000001,0.006556778564657916
24.135958175031067,286.96310134707085,2.500000000000001,0.005710279011424979
24.2853289155456,286.4590085106682,2.500000000000001,0.025208273354714313
24.442630326881318,285.9582006656273,2.500000000000001,0.02978389222886542
24.609222396911903,285.4612411374101,2.500000000000001,0.014527311647284515
24.779677669702014,284.96588180018074,2.500000000000001,0.0035111445587125254
24.94788822098189,284.4695926688736,2.500000000000001,0.009734077620446912
25.1131557984898,283.97208451792744,2.500000000000001,0.0061272323068788164
25.276648441248806,283.47384116493845,2.500000000000001,0.0019519898090540608
25.440392224939878,282.9757018379261,2.500000000000001,0.013804310792634862
25.607397818019972,282.47891359659496,2.500000000000001,0.02927009825388326
25.78168455914377,281.9851413055286,2.500000000000001,0.044276945312365625
25.967886318006762,281.49630437640496,2.500000000000001,0.0505479974069313
26.167827066905378,281.01315832328953,2.500000000000001,0.042603641035152656
26.379463984271627,280.5348569817839,2.500000000000001,0.02417014139722915
26.597024626823483,280.05900932759107,2.500000000000001,0.009665380036938525
26.81549581758173,279.58353883481374,2.500000000000001,0.012967796597015593
27.03600810294751,279.1089137911036,2.500000000000001,0.029778401881221765
27.26466180860979,278.6376610340967,2.500000000000001,0.042265493562622006
27.505195249028763,278.1713290243435,2.500000000000001,0.039488875579050835
27.756859263055677,277.709607449136,2.500000000000001,0.024562343085589595
28.014825265083328,277.2504962428286,2.500000000000001,0.011336588406072153
28.274353251338916,276.7920320315726,2.500000000000001,0.013306371256407658
28.53616377362272,276.334513277696,2.500000000000001,0.027663435468581007
28.805610089220803,275.88015737296956,2.500000000000001,0.03886286234827951
29.086228021475677,275.43042890337597,2.500000000000001,0.036776788377579986
29.377559057706968,274.98513794674454,2.500000000000001,0.023545836322063415
29.675226216597903,274.5424714980516,2.500000000000001,0.01142400578054119
29.974674016497158,274.1005426150141,2.500000000000001,0.013047939357168518
30.276493701962035,273.6595961991462,2.500000000000001,0.026450042856312146
30.58583810274671,273.22176662241685,2.500000000000001,0.036781190764862456
30.906419836661595,272.7885917014749,2.500000000000001,0.032441115144612905
31.237361114650163,272.35970784418816,2.500000000000001,0.013643596726813367
31.572506607892304,271.93256542987865,2.500000000000001,0.0058403587549325136
31.904264761128843,271.5040199333984,2.500000000000001,0.009756640020293092
32.2320051744029,271.0738102345357,2.500000000000001,0.0017855853890801035
32.560226397360395,270.64379969356474,2.500000000000001,1.1905921970267118e-07
32.88950668393282,270.21422783110654,2.500000000000001,0.005320558974027871
33.21618790027422,269.78357939850906,2.500000000000001,0.00124412818976562
33.54105750725255,269.35218057274363,2.500000000000001,0.014318187700006346
33.87076260086401,268.92278467112243,2.500000000000001,0.021674392448393205
34.208605247558374,268.4967594543526,2.500000000000001,0.011792451993687843
34.54979961409472,268.0721225653986,2.500000000000001,0.0004931215396254129
34.88958712952612,267.6469029396367,2.500000000000001,0.002800473586494849
35.22827394851785,267.22122739048143,2.500000000000001,0.0007040196454943883
35.56738015253905,266.7957255562933,2.500000000000001,0.0025411492170446634
35.90754948952508,266.37066408619773,2.500000000000001,0.0003261545357532611
36.248068663086265,265.94574752315623,2.500000000000001,0.0086676407612474
36.58645296106176,265.5199466656932,2.500000000000001,0.018760142899265808
36.91888395525267,265.0916798690616,2.500000000000001,0.022563918925293615
37.2441276438013,264.6604359929561,2.500000000000001,0.018883692680354825
37.56442969786304,264.22714522482573,2.500000000000001,0.016180163607734808
37.88084751179593,263.79224555175466,2.500000000000001,0.01826650789414415
38.19213581889798,263.3552211673858,2.500000000000001,0.018849144433119462
38.497555010237775,262.9157657156692,2.500000000000001,0.014534373920602101
38.79934459839125,262.47480683308675,2.500000000000001,0.012953800759977912
39.09855441428366,262.0327793738459,2.500000000000001,0.020789563868020857
39.39260792673664,261.58861610378875,2.500000000000001,0.032843330639051524
39.67727771700613,261.14056596873763,2.500000000000001,0.038857371462978164
39.950972888744374,260.68796999784905,2.500000000000001,0.03411023462434823
40.21515128894854,260.231432051121,2.500000000000001,0.022526984289695177
40.47381832434773,259.7726112223436,2.500000000000001,0.014235852059455817
40.72971153982969,259.3126414397368,2.500000000000001,0.015377063642574709
40.98197671249198,258.8511688725893,2.500000000000001,0.018796273983337403
41.22844313026617,258.38729438252227,2.500000000000001,0.01528950496838071
41.47084655769092,257.9217369467487,2.500000000000001,0.010110156066880685
41.71153083275246,257.4554674147505,2.500000000000001,0.012841023701948388
41.94938825934537,256.9880269637778,2.500000000000001,0.020104162881168182
42.181515977776584,256.5182131899761,2.500000000000001,0.024586815290563106
42.407457829914115,256.0458371464606,2.500000000000001,0.02596153930398838
42.62652514894008,255.57061357809525,2.500000000000001,0.021986029464896004
42.839211553121295,255.09274694826087,2.500000000000001,0.01008411421282232
43.04928440242795,254.61379774855143,2.500000000000001,0.0022666163201950835
43.26076809993768,254.13543294130216,2.500000000000001,0.004273804219375923
43.47433549088563,253.65793122813483,2.500000000000001,0.004684467746834985
43.68664712275659,253.1799093625267,2.500000000000001,0.014166425835706495
43.894648444681884,252.7001021080811,2.500000000000001,0.01785906982493958
44.09820328895534,252.2184530622873,2.500000000000001,0.022329261251738074
44.29691311527612,251.7347971443475,2.500000000000001,0.03267383063649664
44.48719814260537,251.24765156040522,2.500000000000001,0.04190594361968808
44.66615796994973,250.75581492503258,2.500000000000001,0.04077858099202896
44.8337866462576,250.25928477322333,2.500000000000001,0.026133572557639918
44.99401032584258,249.75968737134212,2.500000000000001,0.003940568161925523
45.153747791468184,249.25988857304472,2.500000000000001,0.010404235733556599
45.31783993037281,248.76189353947922,2.500000000000001,0.0047897306254641855
45.484319892641594,248.2648875747357,2.500000000000001,0.014134963137875716
45.646546755236336,247.76611991842506,2.500000000000001,0.02868217347493381
45.80049278319935,247.2639222281022,2.500000000000001,0.03211143618787588
45.945944138619915,246.7582059292043,2.500000000000001,0.031282978327047295
46.08368958137075,246.2492977367681,2.500000000000001,0.029745750249287498
46.21303583974282,245.73691048824944,2.500000000000001,0.019754080282944685
46.33597202049908,245.22186809864644,2.500000000000001,0.002397740089748753
46.45946250621107,244.70705530967376,2.500000000000001,0.023467131888537506
46.59076973150531,244.19548032024957,2.500000000000001,0.02603956977241894
46.73041005380075,243.68735701261988,2.500000000000001,0.008079550301259652
46.87258685745529,243.1802843499698,2.500000000000001,0.01675584209246633
47.00970558004484,242.67111656154304,2.500000000000001,0.03276149210978141
47.13707491907002,242.1579104462192,2.500000000000001,0.03384119185804039
47.25491494036101,241.64075715824964,2.500000000000001,0.027883674432270016
47.36604205734027,241.12082329427128,2.500000000000001,0.02427698374525261
47.47061332613903,240.59817390906366,2.500000000000001,0.01817543422182432
47.56912622304939,240.07301506405398,2.500000000000001,0.0017172217842762482
47.66678912598847,239.54750414001344,2.500000000000001,0.017649100902321038
47.77035799658322,239.0244395478748,2.500000000000001,0.025663200867983498
47.88194362793991,238.50469560677013,2.500000000000001,0.01807401377796032
47.99895918806206,237.98720081580277,2.500000000000001,0.0007815483775749357
48.11623068782922,237.4698120385075,2.500000000000001,0.016773368431265888
48.22838522907176,236.95030374759327,2.500000000000001,0.02703157073311644
48.33276982069674,236.42757703816847,2.500000000000001,0.028401290644229294
48.42900531599154,235.90147486252263,2.500000000000001,0.022643757768151723
48.51875656380461,235.37268682362807,2.500000000000001,0.013226044119204501
48.605038955332915,234.84246193741444,2.500000000000001,0.004610103285943252
48.69028647724028,234.31180839416857,2.500000000000001,0.0009298404255483451
48.776017807162255,233.7813552507639,2.500000000000001,0.003133570494177153
48.8628363137061,233.25135243066072,2.500000000000001,0.0018612788068540131
48.950430056450784,232.72167072390596,2.500000000000001,0.0041088717850923245
49.03742289896665,232.1917401161268,2.500000000000001,0.015891331042925436
49.12034661375368,231.66012402045533,2.500000000000001,0.028316298531849603
49.19456566153388,231.1249023336537,2.500000000000001,0.031418217256314225
49.2588943371267,230.58558392055508,2.500000000000001,0.022854329008574942
49.316408468697844,230.04344283090137,2.500000000000001,0.009942687461016368
49.371416507057575,229.5002636834509,2.500000000000001,0.00016496226426804768
49.42684021426723,228.9572567116755,2.500000000000001,0.005217988531786592
49.484128338935406,228.4150220068974,2.500000000000001,0.005169679807269622
49.543259596651026,227.87355075282477,2.500000000000001,3.790657415097987e-06
49.60275383561154,227.33222985050665,2.500000000000001,0.010175751042903424
49.6596746508497,226.789843001181,2.500000000000001,0.02263461875083789
49.70973911439144,226.24461615799433,2.500000000000001,0.030060986165567165
49.74998889645649,225.69532394062963,2.500000000000001,0.0264913160039357
49.78154589328332,225.14243105372447,2.500000000000001,0.015034343727337253
49.80876690203404,224.58774214175187,2.500000000000001,0.0038773123487351965
49.83522977812828,224.0327392009509,2.500000000000001,0.0027011216959587424
49.86284765010985,223.47821467511093,2.500000000000001,0.004610526358861158
49.892184717190645,222.9244022631974,2.500000000000001,0.002175652739861673
49.92249599136379,222.3709933810741,2.500000000000001,0.004245382267210993
49.951760036514074,221.81715072248664,2.500000000000001,0.013393301044805128
49.97703078365929,221.2616539857069,2.500000000000001,0.021698887734834315
49.99512334351613,220.70318394639904,2.500000000000001,0.024111657659613244
50.0050058183269,220.14131317851687,2.500000000000001,0.019290411576567305
50.00850420317789,219.57679803398995,2.500000000000001,0.01128968070813234
50.00862078440412,219.01088210053638,2.500000000000001,0.004714521238757686
50.00747705227014,218.44444412819615,2.500000000000001,0.00114276048563772
50.00618835879326,217.8779461109017,2.500000000000001,7.731537667452015e-05
50.004981794217365,217.31148211251187,2.500000000000001,0.0002490516849229607
50.00385526731414,216.7450512668116,2.500000000000001,0.0002420484098171082
50.002806458427706,216.17865261296788,2.500000000000001,0.00023486359274828863
50.00183304790217,215.61228519014787,2.500000000000001,0.0002276751705463182
50.00093271608165,215.04594803751854,2.500000000000001,0.00022048325466787527
50.00010314331025,214.47964019424708,2.500000000000001,0.00021328795654143874
49.99934200993208,213.91336069950046,2.500000000000001,0.00020608938754048688
49.99864699629125,213.34710859244578,2.500000000000001,0.00019888765896890898
49.99801578273187,212.78088291225015,2.500000000000001,0.00019168288212293816
49.99744604959804,212.21468269808054,2.500000000000001,0.00018447516823710418
49.99693547723389,211.6485069891041,2.500000000000001,0.00017726462845850082
49.99648174598352,211.0823548244879,2.500000000000001,0.00017005137395297853
49.99608253619104,210.516225243399,2.500000000000001,0.00016283551582932482
49.99573552820057,209.9501172850045,2.500000000000001,0.00015561716512970316
49.99543840235619,209.3840299884714,2.500000000000001,0.0001483964329251986
49.99518883900204,208.81796239296682,2.500000000000001,0.00014117343018462547
49.99498451848223,208.25191353765783,2.500000000000001,0.00013394826782583898
49.994823121140854,207.6858824617115,2.500000000000001,0.0001267210568059172
49.994702327322024,207.11986820429485,2.500000000000001,0.0001194919080397198
49.99461981736985,206.553869804575,2.500000000000001,0.00011226093237378153
49.994573271628454,205.98788630171902,2.500000000000001,0.00010502824062110102
49.99456037044194,205.42191673489395,2.500000000000001,9.779575542665689e-05
49.99457879415441,204.85596014326694,2.500000000000001,9.059640576602592e-05
49.9946262254314,204.29001556696653,2.500000000000001,8.351410515066865e-05
49.99470038666213,203.72408206257546,2.500000000000001,7.662604567631468e-05
49.99479907018016,203.15815871564837,2.500000000000001,6.995731489999377e-05
49.99492013912776,202.59224464106984,2.500000000000001,6.350872720531563e-05
49.99506152745606,202.02633898305436,2.500000000000001,5.728041191907543e-05
49.99522123992497,201.46044091514642,2.500000000000001,5.127248847192787e-05
49.99539735210324,200.8945496402205,2.500000000000001,4.548506676116949e-05
49.99558801036839,200.3286643904811,2.500000000000001,3.991824751328132e-05
49.995791431906746,199.76278442746255,2.500000000000001,3.457212265736053e-05
49.99600590471345,199.1969090420292,2.500000000000001,2.944677562045861e-05
49.99622978759245,198.63103755437544,2.500000000000001,2.454228168920146e-05
49.996461510156486,198.06516931402555,2.500000000000001,1.9858708332543924e-05
49.99669957282714,197.4993036998338,2.500000000000001,1.5396115563112058e-05
49.996942546834745,196.9334401199844,2.500000000000001,1.1154556348075406e-05
49.997189074218475,196.36757801199164,2.500000000000001,7.134076853648366e-06
49.99743786782631,195.80171684269956,2.500000000000001,3.334716783779518e-06
49.99768771131501,195.23585610828243,2.500000000000001,2.434901595391124e-07
49.997937459150144,194.66999533424428,2.500000000000001,3.6005160098615647e-06
49.998186036606114,194.10413407541918,2.500000000000001,6.736338231426699e-06
49.99843243976609,193.53827191597125,2.500000000000001,9.650939297849027e-06
49.998675735522085,192.97240846939442,2.500000000000001,1.2344306409252076e-05
49.99891506157489,192.40654337851265,2.500000000000001,1.4816431121200946e-05
49.999149626434104,191.84067631547998,2.500000000000001,1.7067308940158328e-05
49.999378709418124,191.27480698178024,2.500000000000001,1.909693909622398e-05
49.999601660654186,190.7089351082273,2.500000000000001,2.090532416102612e-05
49.99981790107828,190.14306045496508,2.500000000000001,2.2492469632213205e-05
50.00002692243525,189.57718281146737,2.500000000000001,2.3858383678545756e-05
50.0002282872787,189.0113019965379,2.500000000000001,2.5003076774360965e-05
50.00042162897108,188.44541785831046,2.500000000000001,2.5926561306194997e-05
50.00060665168361,187.87953027424868,2.500000000000001,2.662885128470442e-05
50.00078313039635,187.3136391511463,2.500000000000001,2.710996201796026e-05
50.00095091089813,186.74774442512702,2.500000000000001,2.7369909701262428e-05
50.001109909786614,186.18184606164442,2.500000000000001,2.740871109571262e-05
50.001260114468245,185.61594405548206,2.500000000000001,2.7228195612131796e-05
50.00140158315829,185.0500384307535,2.500000000000001,2.6861205100755213e-05
50.0015344425594,184.4841292399407,2.500000000000001,2.6391557948323897e-05
50.001658850459286,183.91821654840146,2.500000000000001,2.5896319899463558e-05
50.00177496551024,183.3523004218517,2.500000000000001,2.540043394235834e-05
50.001882946364546,182.78638092600744,2.500000000000001,2.4904574524688946e-05
50.00198295167448,182.2204581265845,2.500000000000001,2.440874111839184e-05
50.0020751400923,181.65453208929884,2.500000000000001,2.3912933206474435e-05
50.002159670270316,181.08860287986633,2.500000000000001,2.3417150283036313e-05
50.00223670086077,180.522670564003,2.500000000000001,2.292139180333866e-05
50.00230639051596,179.9567352074247,2.500000000000001,2.2425657261402408e-05
50.00236889788816,179.3907968758474,2.500000000000001,2.19299461623305e-05
50.00242438162965,178.82485563498702,2.500000000000001,2.1434257966830082e-05
50.0024730003927,178.2589115505594,2.500000000000001,2.093859215776091e-05
50.0025149128296,177.69296468828054,2.500000000000001,2.04429482401661e-05
50.002550277592604,177.12701511386638,2.500000000000001,1.9947325669138735e-05
50.002579253334005,176.56106289303284,2.500000000000001,1.945172392746984e-05
50.00260199870608,175.9951080914958,2.500000000000001,1.8956142520119237e-05
50.00261867236111,175.42915077497125,2.500000000000001,1.8460580913205285e-05
50.002629432951366,174.86319100917504,2.500000000000001,1.7965038600552996e-05
50.00263443912913,174.29722885982315,2.500000000000001,1.7469515064874837e-05
50.002633849546676,173.73126439263146,2.500000000000001,1.6974009777775043e-05
50.00262782285628,173.165297673316,2.500000000000001,1.6478522221922847e-05
50.00261651771022,172.59932876759254,2.500000000000001,1.598305189106351e-05
50.00260009276079,172.0333577411771,2.500000000000001,1.5487598273382308e-05
50.00257870666023,171.46738465978552,2.500000000000001,1.499216082377376e-05
50.002552518060845,170.90140958913383,2.500000000000001,1.4496739030381433e-05
50.00252168561491,170.33543259493797,2.500000000000001,1.4001332403507956e-05
50.002486367974704,169.76945374291378,2.500000000000001,1.3505940420186001e-05
50.002446723792495,169.20347309877724,2.500000000000001,1.3010562546328799e-05
50.002402911720566,168.63749072824425,2.500000000000001,1.2515198258928476e-05
50.002355090411186,168.07150669703069,2.500000000000001,1.2019847046059788e-05
50.00230341851665,167.50552107085255,2.500000000000001,1.1524508401320868e-05
50.00224805468922,166.9395339154257,2.500000000000001,1.1029181818297376e-05
50.002189157581185,166.37354529646618,2.500000000000001,1.0533866762828656e-05
50.0021268858448,165.80755527968978,2.500000000000001,1.0038562700756473e-05
50.00206139813237,165.24156393081253,2.500000000000001,9.543269125631294e-06
50.00199285309615,164.67557131555026,2.500000000000001,9.047985530993948e-06
50.00192140938844,164.10957749961895,2.500000000000001,8.552711404831276e-06
50.00184722566149,163.5435825487345,2.500000000000001,8.057446212924584e-06
50.001770460567606,162.97758652861287,2.500000000000001,7.562189437693842e-06
50.00169127275905,162.41158950496992,2.500000000000001,7.066940572657409e-06
50.0016098208881,161.84559154352166,2.500000000000001,6.57169910019294e-06
50.00152626360703,161.27959270998403,2.500000000000001,6.076464491593802e-06
50.001440759568126,160.71359307007285,2.500000000000001,5.581236234824373e-06
50.00135346742366,160.1475926895041,2.500000000000001,5.086013812244956e-06
50.001264545825904,159.58159163399372,2.500000000000001,4.590796700685879e-06
50.00117415342715,159.01558996925758,2.500000000000001,4.0955843936123394e-06
50.00108244887966,158.44958776101168,2.500000000000001,3.60037635118515e-06
50.00098959083572,157.88358507497188,2.500000000000001,3.105172089052362e-06
50.00089573794762,157.31758197685411,2.500000000000001,2.6099711006618798e-06
50.000801048867615,156.75157853237434,2.500000000000001,2.1147728073520025e-06
50.00070568224798,156.18557480724849,2.500000000000001,1.6195767081006732e-06
50.00060979674102,155.61957086719246,2.500000000000001,1.1243823240778167e-06
50.00051355099899,155.05356677792216,2.500000000000001,6.291891321009304e-07
50.000417103674174,154.48756260515353,2.500000000000001,1.3399659230635308e-07
50.000320613418836,153.92155841460254,2.500000000000001,3.6119583515165755e-07
50.00022423888527,153.35555427198503,2.500000000000001,8.563886401736609e-07
50.00012813872575,152.78955024301698,2.500000000000001,1.3515823182541278e-06
50.000032471592554,152.22354639341432,2.500000000000001,1.8467774037112323e-06
49.99993739613796,151.65754278889298,2.500000000000001,2.3419744363498756e-06
49.99984307101423,151.0915394951688,2.500000000000001,2.837173928272491e-06
49.999749654873675,150.52553657795784,2.500000000000001,3.3323763583423517e-06
49.99965730636855,149.9595341029759,2.500000000000001,3.827582266379144e-06
49.99956618415112,149.393532135939,2.500000000000001,4.322792197741153e-06
49.99947644687368,148.827530742563,2.500000000000001,4.81800665898307e-06
49.9993882531885,148.2615299885639,2.500000000000001,5.313226145578267e-06
49.99930176174787,147.69552993965755,2.500000000000001,5.808451164051651e-06
49.999217131204055,147.12953066155987,2.500000000000001,6.3036822652815485e-06
49.99913452020933,146.56353221998683,2.500000000000001,6.7989199779998345e-06
49.99905408741598,145.99753468065435,2.500000000000001,7.294164792094433e-06
49.998975991476286,145.43153810927834,2.500000000000001,7.789417208517657e-06
49.99890039104252,144.8655425715747,2.500000000000001,8.284677772590878e-06
49.99882744476695,144.2995481332594,2.500000000000001,8.779947013000039e-06
49.99875731130187,143.73355486004837,2.500000000000001,9.275225419596814e-06
49.998690149299556,143.1675628176575,2.500000000000001,9.770513509945816e-06
49.99862611741227,142.60157207180276,2.500000000000001,1.02658118237872e-05
49.9985653742923,142.03558268820004,2.500000000000001,1.0761120878659913e-05
49.99850807859192,141.46959473256524,2.500000000000001,1.1256441175470619e-05
49.99845438896341,140.90360827061437,2.500000000000001,1.1751773226203812e-05
49.99840446405905,140.33762336806325,2.500000000000001,1.2247117564988243e-05
49.99835846253111,139.77164009062784,2.500000000000001,1.2742474709330135e-05
49.998316543031876,139.20565850402411,2.500000000000001,1.3237845160086415e-05
49.99827886421362,138.63967867396795,2.500000000000001,1.3733229445807904e-05
49.998245584728615,138.07370066617528,2.500000000000001,1.422862809504252e-05
49.99821686322914,137.50772454636206,2.500000000000001,1.4723861569477303e-05
49.99819285836748,136.94175038024417,2.500000000000001,1.5212752758100978e-05
49.998173728565206,136.375778233442,2.500000000000001,1.567654978179453e-05
49.998159624559044,135.80980816839275,2.500000000000001,1.609515433106962e-05
49.99815068051255,135.24384024066876,2.500000000000001,1.6460815529487557e-05
49.9981470134959,134.67787449876212,2.500000000000001,1.677312513029358e-05
49.99814872348577,134.11191098408452,2.500000000000001,1.7032080872495e-05
49.99815589336544,133.54594973096727,2.500000000000001,1.7237680327020364e-05
49.99816858892475,132.9799907666615,2.500000000000001,1.7389920994372267e-05
49.99818685886005,132.41403411133786,2.500000000000001,1.7488800391217557e-05
49.99821073477431,131.84807977808674,2.500000000000001,1.7534315898500367e-05
49.99824023117705,131.2821277729182,2.500000000000001,1.7526464848010217e-05
49.99827534548433,130.71617809476186,2.500000000000001,1.7465244625613602e-05
49.99831605801878,130.15023073546715,2.500000000000001,1.7350652630262734e-05
49.998362332009584,129.5842856798031,2.500000000000001,1.718268629402061e-05
49.998414113592496,129.0183429054584,2.500000000000001,1.696134307436118e-05
49.998471331809846,128.45240238304143,2.500000000000001,1.6686620474202358e-05
49.998533898610496,127.88646407608019,2.500000000000001,1.6358516156199157e-05
49.998601708849876,127.32052794102238,2.500000000000001,1.5977027890665207e-05
49.99867464028999,126.75459392723536,2.500000000000001,1.5542153520137725e-05
49.998752553599395,126.18866197700619,2.500000000000001,1.5053891090313116e-05
49.99883529235319,125.62273202554154,2.500000000000001,1.45122388423535e-05
49.99892268303307,125.05680400096774,2.500000000000001,1.391719514970728e-05
49.99901453502728,124.49087782433084,2.500000000000001,1.3268758610213224e-05
49.999110640630605,123.92495340959653,2.500000000000001,1.2566928093849583e-05
49.99921077504441,123.35903066365017,2.500000000000001,1.1811702701762128e-05
49.99931469637662,122.79310948629677,2.500000000000001,1.1003081797379352e-05
49.99942214564172,122.22718977026102,2.500000000000001,1.01410650652228e-05
49.99953284676074,121.66127140118728,2.500000000000001,9.225652475486406e-06
49.9996465065613,121.09535425763953,2.500000000000001,8.256844331794131e-06
49.99976281477755,120.52943821110149,2.500000000000001,7.2338351277421094e-06
49.999881444050224,119.96352312597651,2.500000000000001,6.122804233121755e-06
50.00000204889392,119.39760885915983,2.500000000000001,4.816176959908591e-06
50.00012422443923,118.83169524294907,2.500000000000001,3.1941606107947802e-06
50.00024745218478,118.2657820625739,2.500000000000001,1.2086419411285397e-06
50.00037109630528,117.69986905466692,2.500000000000001,1.1430750309842986e-06
50.000494403651636,117.1339559072635,2.500000000000001,3.854799101682278e-06
50.000616503981554,116.5680422598975,2.500000000000001,6.907754519001232e-06
50.00073641741377,116.0021277066888,2.500000000000001,1.0281813236354633e-05
50.00085306331626,115.43621180002496,2.500000000000001,1.3969192296995596e-05
50.00096526082658,114.87029405077678,2.500000000000001,1.796944614120817e-05
50.0010717288519,114.30437392829819,2.500000000000001,2.228252698234022e-05
50.001171086068915,113.7384508604264,2.500000000000001,2.6908377843206573e-05
50.001261850923925,113.1725242334817,2.500000000000001,3.184693191662684e-05
50.00134244163281,112.60659339226768,2.500000000000001,3.709811188695514e-05
50.00141117618101,112.04065764007115,2.500000000000001,4.266182922904742e-05
50.00146627232357,111.47471623866201,2.500000000000001,4.8537983506920564e-05
50.00150584758507,110.90876840829341,2.500000000000001,5.4726461661055946e-05
50.001527919259715,110.34281332770179,2.500000000000001,6.122713738391113e-05
50.00153040441125,109.77685013410662,2.500000000000001,6.803987037854894e-05
50.001511119873,109.21087792321072,2.500000000000001,7.516450564453953e-05
50.001467782247886,108.64489574920003,2.500000000000001,8.260087285194357e-05
50.0013980079084,108.07890262474369,2.500000000000001,9.034878563713876e-05
50.00129931299661,107.51289752099407,2.500000000000001,9.840804084801395e-05
50.00116911342414,106.9468793675867,2.500000000000001,0.00010677841788273892
50.00100472487223,106.38084705264039,2.500000000000001,0.00011545967802770121
50.000803362791665,105.81479942275706,2.500000000000001,0.0001244515637281356
50.00056214240283,105.24873528302186,2.500000000000001,0.00013375379789112258
50.00027807869565,104.68265339700315,2.500000000000001,0.00014336608317086253
49.999948086429676,104.1165524867525,2.500000000000001,0.00015328810133617392
49.99956898013401,103.55043123280466,2.500000000000001,0.00014124942780034192
49.999137474107314,102.98428827417753,2.500000000000001,0.0010623826692016045
49.99867874181034,102.41813403806,2.500000000000001,0.0071409370067550045
49.999689391847696,101.8525884400337,2.500000000000001,0.01869179294781358
50.00693242598879,101.28962438002911,2.500000000000001,0.02752997597360589
50.02397608306042,100.73071987096208,2.500000000000001,0.025137889683175825
50.0495514378151,100.17534930678535,2.500000000000001,0.014243148620178009
50.07905505852808,99.62160588364493,2.500000000000001,0.004257396960851036
50.1094019340198,99.06821174807035,2.500000000000001,0.001065456192473495
50.13926068126918,98.51461542315782,2.500000000000001,0.0033376152056539534
50.16796987853634,97.9605429390524,2.500000000000001,0.003609211486358151
50.19544220784104,97.40595812746247,2.500000000000001,0.0018827311773491606
50.22217609481866,96.85106744304584,2.500000000000001,0.002023403267102146
50.24934403181026,96.29635654803144,2.500000000000001,0.00827158738749799
50.27883308168197,95.74260708945043,2.500000000000001,0.016263678154081942
50.31323740045804,95.19089360190955,2.500000000000001,0.023310811221871924
50.35499783283829,94.64222711638645,2.500000000000001,0.025719609577059706
50.40476724196681,94.09687805765255,2.500000000000001,0.021486698466247674
50.46122767362293,93.55430051120142,2.500000000000001,0.010996093524188368
50.52109035622123,93.01313222324889,2.500000000000001,0.0007359522664119243
50.58003710740598,92.47158454410551,2.500000000000001,0.00509530088449892
50.63657328661979,91.92903837335903,2.500000000000001,0.002841063501476379
50.69301336869805,91.386452397817,2.500000000000001,0.019649119144432237
50.75531560333838,90.84629460522142,2.500000000000001,0.032862049588586156
50.82842287348406,90.31061240473612,2.500000000000001,0.03004117714216305
50.91107145239611,89.77888234386964,2.500000000000001,0.014742061696797551
50.9971460454278,89.24857138503675,2.500000000000001,0.003323372959855829
51.08302313833254,88.71817861944723,2.500000000000001,0.005892986830859846
51.16951208961039,88.18803929365085,2.500000000000001,0.019634545295986603
51.261432488283894,87.66014974528856,2.500000000000001,0.03177886818028116
51.36330516475032,87.1363825629832,2.500000000000001,0.029494091554935237
51.47417375086783,86.61634160830643,2.500000000000001,0.015301757328232668
51.58859708420681,86.09777308219483,2.500000000000001,0.004261894618064433
51.70314189108098,85.57925487731278,2.500000000000001,0.006408928304103476
51.818399618027684,85.06103197545004,2.500000000000001,0.019849923158953345
51.93888997023721,84.54497649195562,2.500000000000001,0.032296821180745526
52.069136069979805,84.03296195819216,2.500000000000001,0.02923852400215468
52.208448631979365,83.52470286292936,2.500000000000001,0.00795267767548711
52.35022856618807,83.01746578418265,2.500000000000001,0.01769896513954747
52.486226420254965,82.50783372322923,2.500000000000001,0.027522827420552485
52.613005880295354,81.99438335031986,2.500000000000001,0.013232688059467658
52.73534739538972,81.4790947528002,2.500000000000001,0.011389276100439405
52.86191972403657,80.9655585487088,2.500000000000001,0.025863699397895668
52.99640177810156,80.45529847926684,2.500000000000001,0.02814552558582135
53.13778322555697,79.94789598760246,2.500000000000001,0.03070718753305374
53.28660348569567,79.4435748686318,2.500000000000001,0.03528135455529477
53.44527782254174,78.9433361949089,2.500000000000001,0.03128373761619714
53.61294568457557,78.44682356502156,2.500000000000001,0.015439473678020225
53.78465767851079,77.95198619736479,2.500000000000001,0.0031522553794861015
53.95498039514062,77.4565724378859,2.500000000000001,0.01433456558165232
54.120836390234345,76.95930638286801,2.500000000000001,0.013221950459289871
54.28243870443911,76.46027497699116,2.500000000000001,0.0027778042337696
54.44354548879428,75.96103497288145,2.500000000000001,0.007923132142632672
54.60706517876127,75.46279747767491,2.500000000000001,0.01599014563441728
54.7743284881207,74.966126350368,2.500000000000001,0.025267686204391307
54.94795821970369,74.47210826318457,2.4809039323247033,0.03210608314672835
55.13077257440397,73.98188578034049,2.4809039323247033,0.025329567315736733
55.32139979107305,73.49486373760979,2.4809039323247033,0.004129739763640266
55.51288298688662,73.00814249053506,2.4809039323247033,0.012208069277792888
55.69907085894987,72.51921114344347,2.4809039323247033,0.00545002295682099
55.88262597328544,72.0293332831898,2.4809039323247033,0.014424670382488838
56.071059944131584,71.54171571240329,2.4809039323247033,0.022811225777566165
56.266719138768416,71.05717919790679,2.4809039323247033,0.01323822101556202
56.46604072279468,70.57385615323442,2.4809039323247033,0.0006553962211551375
56.66466695345323,70.08936217280755,2.4809039323247033,0.0024104742229701724
56.861391262536216,69.60321011348294,2.4809039323247033,0.01677957964716087
57.06067656808185,69.11928437292224,2.4809039323247033,0.0520097104820705
57.271372904595246,68.6454657183426,2.4809039323247033,2.1582017300784844
57.50022474001735,68.19094193415377,2.4809039323247033,0.18829697346690102
55.9566906128667,66.00942469221272,2.4809039323247033,0.01697498337494914
54.40796895894682,63.84192911868184,2.4809039323247033,0.002008994179757192
52.849540017089325,61.68658307441251,2.4809039323247033,0.001981729095044455
51.28206798707063,59.543661679880785,2.4809039323247033,0.001709937492654045
49.71065545085555,57.41527848312706,2.4809039323247033,0.0014908252418202195
48.13878897210771,55.30287762978379,2.380903932324703,0.0015172225336880156
46.566336751527615,53.20640448872717,2.280903932324703,0.001761965451076332
44.98978740348541,51.12440463590451,2.180903932324703,0.0020230071253982
43.40507575300365,49.05519432000724,2.080903932324703,0.0020934384709985314
41.81160810604362,46.99852773888088,1.9809039323247029,0.0020233694459297976
40.211726493400654,44.955375057087544,1.8809039323247028,0.0020334879565993996
38.605553346059175,42.92578662707204,1.8000000000000003,0.0021290231240886303
36.99076125930372,40.908797768797506,1.7000000000000002,0.0020985616099541736
35.36771301313778,38.90455869996339,1.6,0.0018913144076567747
33.740186275416924,36.914634857610395,1.5000000000000002,0.0016917065738633193
32.111728272182994,34.94049661314421,1.4000000000000001,0.0012224387798967652
30.48282328413455,32.98234574677869,1.3,0.0008144507631628503
