x,y,velocity,curvature
57.03512701015185,47.57627644512269,1.3,0.0007010389407118054
57.109483863648144,47.621603635076404,1.4000000000000001,0.0010442923980458194
57.257597644079794,47.71177812206751,1.5000000000000002,0.00137323628728245
57.47827835638055,47.84584850358423,1.6,0.0013543771789948041
57.76976542064878,48.022408431321544,1.7000000000000002,0.001335807101309645
58.129756323594805,48.239620956023465,1.8000000000000003,0.0013175219743250003
58.55544376836848,48.495250069568854,1.9000000000000004,0.0012995177386305062
59.043560461924564,48.786698693947635,2.0000000000000004,0.0012817903575702823
59.59043051330017,49.11105222291394,2.1000000000000005,0.001264335819349358
60.19202628067857,49.46512660500907,2.2000000000000006,0.0012471501389876413
60.84402940343022,49.84551986941791,2.3000000000000007,0.0012302293601311452
61.54189468979916,50.24866594079581,2.400000000000001,0.001213569556727666
62.280915502622875,50.670889566692445,2.500000000000001,0.00119716683456928
63.05628929426164,51.10846119129696,2.500000000000001,0.0011810173327143007
63.86318198635843,51.55765065063527,2.500000000000001,0.001165117224788236
64.69678996761397,52.0147786347591,2.500000000000001,0.00114946272017043
65.55239858988762,52.476264958678854,2.500000000000001,0.010631243864636791
66.42543617523074,52.938672801868506,2.500000000000001,0.100999334989682
67.31152269887384,53.39874821160128,2.500000000000001,1.3379283525464811
68.206512480237,53.853454313268685,2.500000000000001,3.086071853277462e-06
69.10653038999962,54.299999826117684,2.500000000000001,3.050583942201281e-06
70.00800126043534,54.73586164044536,2.500000000000001,3.0150962594510343e-06
70.90767236307248,55.158801367341546,2.500000000000001,2.979608791275985e-06
71.80262898715768,55.56687592005447,2.500000000000001,2.9441215572043485e-06
72.69030330980152,55.95844232296157,2.500000000000001,2.9086345379464655e-06
73.56847689018782,56.332157066563255,2.500000000000001,2.8731477419381465e-06
74.43527724271928,56.68697043219307,2.500000000000001,2.8376611665240922e-06
75.2891690451925,57.02211629631641,2.500000000000001,2.802174786864925e-06
76.1289406166391,57.337097990207155,2.500000000000001,2.7666886113972555e-06
76.95368635479261,57.63167083604216,2.500000000000001,2.7312026651950946e-06
77.76278585550159,57.90582200534435,2.500000000000001,2.695716928966193e-06
78.5558804468024,58.159748351196534,2.500000000000001,2.660231377872015e-06
79.3328478604234,58.39383285325733,2.500000000000001,2.6247460203481853e-06
80.0937757353744,58.60862028631495,2.500000000000001,2.589260864831599e-06
80.8389346045392,58.80479268123932,2.500000000000001,2.553775903120125e-06
81.56875095866597,58.98314509429329,2.500000000000001,2.5182911381047377e-06
82.28378091581592,59.144562139513276,2.500000000000001,2.4828065671307806e-06
82.98468495118078,59.289995671951345,2.500000000000001,2.4473221764505485e-06
83.67220406512297,59.420443939578604,2.500000000000001,2.411837963409021e-06
84.34713768905726,59.5369324510066,2.500000000000001,2.376353919805499e-06
85.01032355183666,59.64049673706596,2.500000000000001,2.340870065167496e-06
85.66261965577111,59.732167118576996,2.500000000000001,2.3053863968380876e-06
86.30488844307065,59.81295553190911,2.500000000000001,2.2699028955244084e-06
86.93798213482496,59.8838482184408,2.500000000000001,2.2344195585732945e-06
87.56274663218443,59.945795847479054,2.500000000000001,2.1989363888746243e-06
88.17998169996642,59.99969395938205,2.500000000000001,2.1634534004086486e-06
88.79045265722847,60.04637867727096,2.500000000000001,2.1279705627919495e-06
89.394876999875,60.08664804289765,2.500000000000001,2.0924878567324115e-06
89.99392897355432,60.121234732380785,2.500000000000001,2.0570053239393353e-06
90.58823388854839,60.150813362097814,2.500000000000001,2.0215229673030926e-06
91.17836691889254,60.17600053466499,2.500000000000001,1.9860407564402303e-06
91.76485301674424,60.19735584343687,2.500000000000001,1.9505586886944904e-06
92.34816775483863,60.21538365976338,2.500000000000001,1.915076755864604e-06
92.92873891927496,60.23053553715469,2.500000000000001,1.8795949663871406e-06
93.50694868743123,60.24321307917655,2.500000000000001,1.8441133453341694e-06
94.08313624062487,60.25377113252432,2.500000000000001,1.8086318401392317e-06
94.65760067741334,60.26252118257418,2.500000000000001,1.7731504536927313e-06
95.23060411042687,60.26973484512312,2.500000000000001,1.7376692277037503e-06
95.80237227078149,60.27565054300242,2.500000000000001,1.7021881206974413e-06
96.37310602059048,60.28046663096232,2.500000000000001,1.6667071522005492e-06
96.94297539510647,60.28435595342839,2.500000000000001,1.6312262973751265e-06
97.51211179148333,60.287453122530835,2.500000000000001,1.595745553565395e-06
98.08062832823428,60.289871940244936,2.500000000000001,1.5602649680260461e-06
98.6486358614739,60.29171916053105,2.500000000000001,1.524784466008899e-06
99.2162298445642,60.2930787879747,2.500000000000001,1.4893040670403125e-06
99.78348453791322,60.29402488199716,2.500000000000001,1.453823812829379e-06
100.35046434051586,60.29461251262012,2.500000000000001,1.418343650810347e-06
100.91722241136598,60.29488384220343,2.500000000000001,1.3828635894187884e-06
101.48380241583037,60.29486980533097,2.500000000000001,1.3473836426351144e-06
102.0502400456818,60.29459156963515,2.500000000000001,1.3119038022580934e-06
102.61656433292683,60.294061802274676,2.500000000000001,1.2764240600869081e-06
103.18279877770787,60.2932857671903,2.500000000000001,1.2409443968289833e-06
103.74896231018678,60.29226227808051,2.500000000000001,1.2054648320108097e-06
104.31507010553655,60.290984531352855,2.500000000000001,1.1699853629760645e-06
104.88113427009273,60.289440842189954,2.500000000000001,1.134505970433523e-06
105.44716441543555,60.2876153053941,2.500000000000001,1.0990266683633377e-06
106.01316570813125,60.28549169411468,2.500000000000001,1.0635474541088395e-06
106.57914713869266,60.2830433685913,2.500000000000001,1.0280683250155923e-06
107.14511341070484,60.28024554789415,2.500000000000001,9.925892673364575e-07
107.71108115670641,60.2770790818228,2.500000000000001,9.571102728695345e-07
108.27704901444855,60.27351755541537,2.500000000000001,9.216313500506381e-07
108.84301697851753,60.26952936330685,2.500000000000001,8.861525073150918e-07
109.40898504351328,60.26508311441301,2.500000000000001,8.506737309157879e-07
109.97495320406122,60.26014809875605,2.500000000000001,8.151950126514052e-07
110.54092145482541,60.25469479516002,2.500000000000001,7.797163720477744e-07
111.10688979052227,60.24869541255199,2.500000000000001,7.442377787220423e-07
111.6728582059353,60.24212445586571,2.500000000000001,7.087592189274054e-07
112.2388266959294,60.234959305914025,2.500000000000001,6.732807288259961e-07
112.80479525546603,60.227180801143774,2.500000000000001,6.378023002173343e-07
113.37076387961717,60.218773807983155,2.500000000000001,6.023239138086094e-07
113.93673256357933,60.20972776560919,2.500000000000001,5.668455724887178e-07
114.50270130268589,60.20003719045684,2.500000000000001,5.313672625122303e-07
115.06867009241859,60.18970212571913,2.500000000000001,4.958889923139016e-07
115.63463892841642,60.17872852148175,2.500000000000001,4.604107703281181e-07
116.20060780648333,60.167128532020065,2.500000000000001,4.249325883534844e-07
116.76657672259265,60.15492071816208,2.500000000000001,3.894544326438538e-07
117.33254567288925,60.14213014447113,2.500000000000001,3.5397630054392863e-07
117.89851465368885,60.12878836328847,2.500000000000001,3.1849820603333557e-07
118.46448366147393,60.11493328033923,2.500000000000001,2.830201131828754e-07
119.03045269288695,60.10060889957124,2.500000000000001,2.475420359739911e-07
119.59642174472029,60.08586494806854,2.500000000000001,2.120640161154103e-07
120.16239081390331,60.07075638515751,2.500000000000001,1.765859954948603e-07
120.72835989748654,60.055342803088216,2.500000000000001,1.411079770016861e-07
121.2943289926236,60.03968772980789,2.500000000000001,1.0562999125384742e-07
121.86029809655078,60.02385784723448,2.500000000000001,7.015200232325473e-08
122.42626720656484,60.00792214097273,2.500000000000001,3.467401309927576e-08
122.99223631999968,59.99195099949866,2.500000000000001,8.039790758724369e-10
123.55820543420215,59.97601528238743,2.500000000000001,3.628197131120597e-08
124.12417454650752,59.96018537811505,2.500000000000001,7.17599551702366e-08
124.69014365421525,59.94453027228627,2.500000000000001,1.0723794440148542e-07
125.2561127545656,59.92911664681905,2.500000000000001,1.4271594166136633e-07
125.82208184471737,59.91400802966065,2.500000000000001,1.7819394960520598e-07
126.38805092172763,59.89926401306104,2.500000000000001,2.1367197643357655e-07
126.95401998253323,59.88493955634671,2.500000000000001,2.4915002480237193e-07
127.51998902393497,59.871084386601616,2.500000000000001,2.8462809182250185e-07
128.0859580425848,59.85774250777362,2.500000000000001,3.2010616351436804e-07
128.6519270349754,59.84495182558787,2.500000000000001,3.5558424807772095e-07
129.21789599743335,59.83274389238557,2.500000000000001,3.9106237589603666e-07
129.78386492611483,59.82114377273012,2.500000000000001,4.26540560717727e-07
130.34983381700522,59.81017002744949,2.500000000000001,4.6201875528751717e-07
130.91580266592035,59.79983481081902,2.500000000000001,4.974969622617854e-07
131.48177146851168,59.790144072924434,2.500000000000001,5.329752452970165e-07
132.04774022027323,59.78109785695875,2.500000000000001,5.684535515934799e-07
132.61370891655068,59.77269067935694,2.500000000000001,6.03931883807031e-07
133.17967755255265,59.76491197929598,2.500000000000001,6.394102778690396e-07
133.74564612336314,59.75774662320414,2.500000000000001,6.748887142511741e-07
134.31161462395502,59.751175449528176,2.500000000000001,7.103672122437299e-07
134.8775830492045,59.745175839081,2.500000000000001,7.458457523241601e-07
135.44355139390566,59.73972229679633,2.500000000000001,7.813243371472187e-07
136.0095196527852,59.734787031601236,2.500000000000001,8.168029970955667e-07
136.57548782051686,59.73034052231979,2.500000000000001,8.522817292795098e-07
137.14145589173503,59.72635205897414,2.500000000000001,8.877605308098758e-07
137.70742386104814,59.72279025048011,2.500000000000001,9.232393710699767e-07
138.27339172305042,59.71962349147266,2.500000000000001,9.587182693513583e-07
138.83935947233286,59.71682038277212,2.500000000000001,9.941972560371493e-07
139.40532710349308,59.714350101752565,2.500000000000001,1.0296763226921728e-06
139.97129461114355,59.71218272054194,2.500000000000001,1.0651554775188495e-06
140.53726198991885,59.71028947152572,2.500000000000001,1.100634695443743e-06
141.10322923448123,59.708642961001175,2.500000000000001,1.136113984668769e-06
141.66919633952563,59.707217333016025,2.500000000000001,1.1715933811241032e-06
142.2351632997827,59.70598838640437,2.500000000000001,1.207072865282052e-06
142.80113011002112,59.70493364879898,2.500000000000001,1.2425524287078961e-06
143.36709676504927,59.70403241195519,2.500000000000001,1.278032090693639e-06
143.93306325971514,59.7032657330778,2.500000000000001,1.31351183725799e-06
144.49902958890678,59.702616407012556,2.500000000000001,1.3489916876936958e-06
145.06499574755074,59.70206891417176,2.500000000000001,1.3844716557479934e-06
145.63096173061086,59.701609348930354,2.500000000000001,1.4199517108038558e-06
146.19692753308658,59.701225332980066,2.500000000000001,1.4554318721529416e-06
146.76289315001063,59.70090591779283,2.500000000000001,1.4909121424497194e-06
147.3288585764469,59.70064147994198,2.500000000000001,1.5263925298965789e-06
147.89482380748777,59.70042361258716,2.500000000000001,1.5618730371503902e-06
148.46078883825163,59.70024501596661,2.500000000000001,1.5973536446831015e-06
149.02675366388075,59.7000993892755,2.500000000000001,1.6328343717870447e-06
149.59271827953827,59.699981325858374,2.500000000000001,1.6683152322096036e-06
150.15868268040632,59.69988621321877,2.500000000000001,1.703796223060654e-06
150.72464686168368,59.69981013895871,2.500000000000001,1.7392773469961031e-06
151.29061081858367,59.69974980341088,2.500000000000001,1.774758590034567e-06
151.85657454633235,59.6997024394218,2.500000000000001,1.8102399381948198e-06
152.4225380401668,59.69966573948405,2.500000000000001,1.8457214384972257e-06
152.98850129533326,59.699637790202644,2.500000000000001,1.8812030991431052e-06
153.5544643065186,59.69962236741034,2.500000000000001,1.9166848895147457e-06
154.12042706936762,59.699614444644745,2.500000000000001,1.952166828904557e-06
154.68638957909684,59.69961341768686,2.500000000000001,1.9876489144220926e-06
155.25235183151258,59.6996136412304,2.500000000000001,2.023131132085879e-06
155.81831382139995,59.69961885958434,2.500000000000001,2.0586134956430717e-06
156.38427554399317,59.69962893697986,2.500000000000001,2.094096024386372e-06
156.95023699452645,59.699643937428306,2.500000000000001,2.12957872651633e-06
157.51619816833653,59.6996682099965,2.500000000000001,2.165061571414661e-06
158.08215906054295,59.69969713535066,2.500000000000001,2.2005445728290037e-06
158.6481196664072,59.69973158346461,2.500000000000001,2.2360277611427743e-06
159.21407998121066,59.699772579260866,2.500000000000001,2.271511105736637e-06
159.7800400002654,59.69982132295433,2.500000000000001,2.306994609266405e-06
160.3459997189291,59.699879211303255,2.500000000000001,2.3424782965722653e-06
160.91195913262396,59.69994785936631,2.500000000000001,2.377962159216131e-06
161.47791823686165,59.700029122245525,2.500000000000001,2.413446188760368e-06
162.04387702727456,59.70012511616607,2.500000000000001,2.4489304100470188e-06
162.60983549965633,59.700238238109655,2.500000000000001,2.484414825730205e-06
163.1757936543176,59.700376536582496,2.500000000000001,2.5198994051881134e-06
163.7417514854852,59.70053928551316,2.500000000000001,2.5553841677183745e-06
164.30770898442805,59.700724909857065,2.500000000000001,2.590869149248743e-06
164.87366615249303,59.70094135867337,2.500000000000001,2.6263543302489876e-06
165.4396229891221,59.70119285660784,2.500000000000001,2.661839674556906e-06
166.0055795011294,59.70148399759055,2.500000000000001,2.6973252070092247e-06
166.5715356938344,59.70181976202137,2.500000000000001,2.732810974628891e-06
167.13749136728023,59.702210862574375,2.500000000000001,2.7682969578884445e-06
167.70344653153288,59.70265925052915,2.500000000000001,2.803783126167691e-06
168.2694011386551,59.7031713048959,2.500000000000001,2.8392694987583035e-06
168.83535513948738,59.70375369992159,2.500000000000001,2.8747560949526793e-06
169.40130847006714,59.704413372377665,2.500000000000001,2.910242906314352e-06
169.96726104214713,59.70515748470068,2.500000000000001,2.945729929957396e-06
170.5332130168133,59.705988030621604,2.500000000000001,2.9812171907194226e-06
171.09916378143197,59.706921533675555,2.500000000000001,3.016704657970862e-06
171.6651136653294,59.70795595288662,2.500000000000001,3.0521923288283414e-06
172.23106226107677,59.70910234054057,2.500000000000001,3.0876802669567532e-06
172.79700908407776,59.71037278177611,2.500000000000001,3.1231684361815233e-06
173.36295430076635,59.711764629438356,2.500000000000001,3.1586568114275476e-06
173.92889737980283,59.71328810838942,2.500000000000001,3.1941454341781394e-06
174.4948379133272,59.71494893386366,2.500000000000001,3.229634312635156e-06
175.0607749943709,59.71675769407791,2.500000000000001,3.2651234272624687e-06
175.62670818867363,59.7187153989616,2.500000000000001,3.300612764079268e-06
176.19263670824367,59.720826670752174,2.500000000000001,3.336102342382662e-06
176.75856016666586,59.723090322400196,2.500000000000001,3.3715922036449214e-06
177.32447709726563,59.72551380751173,2.500000000000001,3.407082328337208e-06
177.89038624147742,59.72810014606516,2.500000000000001,3.4425726747499728e-06
178.45628540520423,59.73085740142538,2.500000000000001,3.478063262179304e-06
179.02217323527904,59.73378447269089,2.500000000000001,3.513554143184545e-06
179.5880476122487,59.73688441735604,2.500000000000001,3.549045303781643e-06
180.1539060874087,59.74016058025504,2.500000000000001,3.5845366856318596e-06
180.71974583453766,59.743616828088506,2.500000000000001,3.6200283412974363e-06
181.28556444998014,59.74725252905645,2.500000000000001,3.655520301157443e-06
181.85135761216728,59.75107709518519,2.500000000000001,3.691012523505703e-06
182.41712114958685,59.75509718851607,2.500000000000001,3.726504999911155e-06
182.98285032229992,59.7593210595613,2.500000000000001,3.7619977718417345e-06
183.5485386669051,59.76376404651082,2.500000000000001,3.797490836401581e-06
184.11418082588457,59.76843462893342,2.500000000000001,3.832984157428896e-06
184.67976997309216,59.773347640214574,2.500000000000001,3.868477770856635e-06
185.24529965372875,59.77851523471644,2.500000000000001,3.9039716904277e-06
185.81075943793073,59.7839664018985,2.500000000000001,3.939465896616419e-06
186.37614205424856,59.789714823582024,2.500000000000001,3.974960392082637e-06
186.9414364151431,59.79578995100674,2.500000000000001,4.010455196103565e-06
187.50663020728874,59.80222530135809,2.500000000000001,4.0353163211598575e-06
188.0717132523935,59.809043079429934,2.500000000000001,3.7440706920931057e-06
188.6366714714205,59.816281143204684,2.500000000000001,2.2495352556587594e-06
189.20149060459528,59.823975933338616,2.500000000000001,1.364199659294388e-06
189.76615529261701,59.832166284820524,2.500000000000001,7.436100511378668e-06
190.33064770666076,59.840898368789844,2.500000000000001,1.5981487350728575e-05
190.8949525239209,59.850206253646434,2.500000000000001,2.70001235845625e-05
191.45904997509234,59.8601384326816,2.500000000000001,4.049160256734159e-05
192.02291862631608,59.87074589316192,2.500000000000001,5.6455304482484196e-05
192.58653851475864,59.88207197316313,2.500000000000001,7.489035323066103e-05
193.14988745164916,59.89416479219829,2.500000000000001,9.57955734621221e-05
193.71294393152206,59.90706798329985,2.500000000000001,0.0001191694474508293
194.27568242476804,59.920834132162284,2.500000000000001,0.0001450100719065194
194.83807610371485,59.935517191245836,2.500000000000001,0.00017331511481961348
195.40010170967355,59.95115741152459,2.500000000000001,0.00020408177219960789
195.96173100556226,59.96780763164891,2.500000000000001,0.0002373067247278181
196.52293446952262,59.98552184847208,2.500000000000001,0.00027220163482950154
197.08368470255274,60.004345394655545,2.500000000000001,0.00029377359301834444
197.6439523619739,60.024327562425086,2.500000000000001,0.0002631502901187517
198.2037074928637,60.04551783839733,2.500000000000001,0.00014406637170033735
198.7629213883406,60.06796100867408,2.500000000000001,0.000599807093414053
199.32156187802192,60.09171095360162,2.500000000000001,0.004899467140551251
199.87959783148662,60.11681834377331,2.500000000000001,0.01533163622023821
200.43699787588028,60.143334694417824,2.500000000000001,0.026322788806384202
200.99372850457317,60.17131749721521,2.500000000000001,0.027511089771605844
201.54975945614868,60.20081689774637,2.500000000000001,0.017437935989247564
202.10505906850676,60.231888177619304,2.500000000000001,0.005066404641626665
202.65959785099872,60.26458306420873,2.500000000000001,0.0019137445553289276
203.21334305402638,60.298963147894796,2.500000000000001,0.0023520307239529993
203.76626384800394,60.33508767233958,2.500000000000001,0.00046647844575720886
204.31832983770826,60.37301728341456,2.500000000000001,0.0022438900629710478
204.86950900618825,60.41281883637932,2.500000000000001,0.0010350878358535852
205.41977353131566,60.45455197900006,2.500000000000001,0.0020864718651112182
205.9690968805536,60.498276238275196,2.500000000000001,0.004223913874402212
206.5174495637498,60.544060187845616,2.500000000000001,0.003042584424161665
207.06480465062083,60.59196914940304,2.500000000000001,0.002077816815956326
207.61113613770877,60.64206868403401,2.500000000000001,0.01113645406472381
208.15641672891724,60.69442910276322,2.500000000000001,0.02209844160305739
208.70062399352767,60.749111997373745,2.500000000000001,0.027992292318935408
209.24373492680368,60.806181943595256,2.500000000000001,0.021672133156769493
209.78572765416084,60.86570245654834,2.500000000000001,0.008964180931503352
210.32658374791154,60.92773085977702,2.500000000000001,0.005613591534235014
210.86628210419036,60.99233104521452,2.500000000000001,0.014258047060016148
211.4048023910208,61.05956601063291,2.500000000000001,0.023766875077999936
211.9421316631449,61.12948332670318,2.500000000000001,0.02684523319221005
212.47825274190643,61.20214006015119,2.500000000000001,0.022597513645391934
213.0131514917745,61.27758680668036,2.500000000000001,0.013490064771816388
213.54681510971315,61.355871153287424,2.500000000000001,0.004722349585865712
214.07923214950364,61.43703744113789,2.500000000000001,1.4825167926980375e-05
214.61039252888304,61.52112658178879,2.500000000000001,0.000755927459762507
215.1402875240765,61.60817589426354,2.500000000000001,0.009126915096506608
215.66890977079748,61.69821895747109,2.500000000000001,0.023370547955771075
216.19625016721952,61.7912898471068,2.500000000000001,0.03281236240102307
216.72230607679361,61.887411119110645,2.500000000000001,0.027588680880355775
217.24707392610438,61.986604710675074,2.500000000000001,0.012837367947398511
217.77055143073113,62.08888845803002,2.500000000000001,0.002671635586584116
218.29273756705015,62.19427606626172,2.500000000000001,0.001779952340601868
218.81363612140973,62.30277313117971,2.500000000000001,0.003420989237859555
219.3332459701083,62.41438790589724,2.500000000000001,0.0013544663471859075
219.85156978852743,62.529121460522695,2.500000000000001,0.0034468356149760407
220.36861125439972,62.64697085161123,2.500000000000001,0.005587239861789489
220.8843709328999,62.7679286853722,2.500000000000001,0.0014642173683645536
221.39885690053993,62.8919868521414,2.500000000000001,0.008393002217388569
221.91207910604834,63.019128024449174,2.500000000000001,0.020341572277780818
222.4240408110033,63.14934150602543,2.500000000000001,0.028261130302896967
222.93474425507648,63.28260494129299,2.500000000000001,0.028350318000449463
223.4441992387268,63.4188936059805,2.500000000000001,0.02631713438841479
223.95241664624788,63.55818039008647,2.500000000000001,0.030496139194364405
224.45939900944003,63.70044118176743,2.500000000000001,0.03576327094302679
224.96514675589884,63.845650923090815,2.500000000000001,0.02913002246437354
225.4696673118546,63.993779835750615,2.500000000000001,0.010670907123251087
225.9729629337795,64.14480002600149,2.500000000000001,0.006492796620346929
226.47503392309005,64.29868418295133,2.500000000000001,0.014451827570982793
226.97587819723643,64.45540621041262,2.500000000000001,0.012527026608280725
227.47549083240278,64.61494185958175,2.500000000000001,0.00045985483028769693
227.97386357858883,64.7772693358935,2.500000000000001,0.016312484407880405
228.47098947814428,64.94236846536074,2.500000000000001,0.019352289661183446
228.96684842262982,65.11022535366442,2.500000000000001,0.010517123295762017
229.4614192920256,65.28082520908242,2.500000000000001,0.0027987825615723937
229.95467020702614,65.45416839549323,2.500000000000001,0.00037491732046206693
230.44657205929138,65.63025754744206,2.500000000000001,0.00033608478534832105
230.9370849845879,65.80909313615912,2.500000000000001,0.008095695175891654
231.42616174102574,65.99068747187842,2.500000000000001,0.021117030289054876
231.91374708761262,66.17505981493949,2.500000000000001,0.029789091784922245
232.3997771935061,66.36223677676912,2.500000000000001,0.026843716515662825
232.88417920107113,66.55224860195456,2.500000000000001,0.01421382027485469
233.36687556911414,66.74514222210877,2.500000000000001,0.00047261208689279983
233.8477641491283,66.94096914712658,2.500000000000001,0.0055276377283788635
234.3267504868919,67.13978756264292,2.500000000000001,0.0005911663633452178
234.8037157746277,67.34166582446773,2.500000000000001,0.01088749777440691
235.2785337202946,67.54668066822593,2.500000000000001,0.020784015509450745
235.75106595890801,67.75492173111776,2.500000000000001,0.020346672191236852
236.22115739826705,67.96647451843558,2.500000000000001,0.006145575966505185
236.68864889789918,68.18145094670989,2.500000000000001,0.008997756529744124
237.15336582313358,68.39995715671917,2.500000000000001,0.0062548046014671
237.61512137757995,68.62210851597924,2.500000000000001,0.012131027455929557
238.07372162265835,68.84804092672647,2.500000000000001,0.024794761400480418
238.52895276336812,69.07788337923446,2.500000000000001,0.019799917478301204
238.9805886113439,69.31177675096082,2.500000000000001,0.005575504793944267
239.42840215995795,69.54986317875523,2.500000000000001,0.002948160222629637
239.87215221795213,69.79229920964377,2.500000000000001,0.002176609329501006
240.31159467453935,70.03924008955636,2.500000000000001,0.0018570015796980932
240.74646843373714,70.29084902609979,2.500000000000001,0.007107525827885561
241.17651120883244,70.54728228579103,2.500000000000001,0.007477348460826007
241.601455342793,70.80870270765277,2.500000000000001,0.006415728930139881
242.0210303345693,71.07526925838633,2.500000000000001,0.026687126503980387
242.43496271845603,71.34714908663956,2.500000000000001,0.03860200013620035
242.84297942625156,71.62450205667238,2.500000000000001,0.04029910833709621
243.24480886158517,71.9074849231176,2.500000000000001,0.04152200825289867
243.64018265348318,72.19625016754357,2.500000000000001,0.047323743988531265
244.02883679084675,72.49094888090683,2.500000000000001,0.056064773038586715
244.41051017273875,72.79171661096757,2.500000000000001,0.06427223155751183
244.78495853859368,73.09868630061798,2.500000000000001,0.06684138929092392
245.1519438359632,73.41198226120005,2.500000000000001,0.06192242643041951
245.51124084547374,73.73171511046111,2.500000000000001,0.053435106090407726
245.86263611631378,74.05799389995187,2.500000000000001,0.04441686569226542
246.20593222536144,74.39091114041274,2.500000000000001,0.03621494477604979
246.54095266949236,74.73055129242545,2.500000000000001,0.034702613758454966
246.86753245253678,75.0769731416417,2.500000000000001,0.0449405954331091
247.18552558519923,75.43024025393741,2.500000000000001,0.06110061511532972
247.494803843886,75.79038841836294,2.500000000000001,0.07156243845272389
247.7952685632835,76.15744030515728,2.500000000000001,0.07208050451443254
248.08683538269815,76.53141712881492,2.500000000000001,0.06931328033094257
248.3694447639532,76.91231138738334,2.500000000000001,0.07099409811690743
248.64306331706072,77.30010584427737,2.500000000000001,0.07499929181996713
248.9076652742104,77.69476938582964,2.500000000000001,0.07386380512087037
249.16326107796837,78.09625174051457,2.500000000000001,0.06860232443943645
249.40988073473414,78.50450116234052,2.500000000000001,0.06692948244446609
249.64756995147587,78.91943845015643,2.500000000000001,0.07009616910330983
249.87639363341228,79.34097219283252,2.500000000000001,0.07185282124227498
250.0964429560224,79.76900623937954,2.500000000000001,0.06956664773744844
250.30782525735577,80.20342712106142,2.500000000000001,0.06538282900281012
250.5106642395622,80.64411353001452,2.500000000000001,0.05898094438712641
250.70510313451018,81.09092449786168,2.500000000000001,0.047798776840718454
250.8912999496577,81.54370991247731,2.500000000000001,0.033974400933976655
251.06942780293107,82.00232250649454,2.500000000000001,0.02596618005498419
251.2396676746927,82.46659314745085,2.500000000000001,0.029613742634562967
251.40221537534055,82.93634603149962,2.500000000000001,0.041433307668637294
251.5572733870146,83.41140738881282,2.500000000000001,0.052343577092922075
251.70505390048044,83.89159278383585,2.500000000000001,0.05546172365380757
251.84577569956664,84.37671318006569,2.500000000000001,0.05103252987040297
251.9796560149607,84.8665800635264,2.500000000000001,0.043303599328420796
252.10692795938445,85.36099319375404,2.500000000000001,0.033519652596591246
252.2278211497157,85.85975588160812,2.500000000000001,0.021294991114868076
252.3425716784794,86.3626704176375,2.500000000000001,0.008961886934719686
252.45140804665047,86.86953596189035,2.500000000000001,0.00029027182827958266
252.55455850063856,87.38016111759634,2.500000000000001,0.005158048206601674
252.65225122328332,87.89435150428659,2.500000000000001,0.005465411414869012
252.74471011408815,88.41191931391478,2.500000000000001,0.0009757928706475952
252.83215386299932,88.93267202365057,2.500000000000001,0.008443618852113071
252.9148043197684,89.4564255995629,2.500000000000001,0.020895817784727214
252.99288027274002,89.98300052586657,2.500000000000001,0.029547472245110305
253.0665884881025,90.51221912693082,2.500000000000001,0.026992846586943595
253.13613154855304,91.04391747080835,2.500000000000001,0.01548252190688372
253.2017077295222,91.57793641704616,2.500000000000001,0.005035025774354474
253.2635090807947,92.11411483196137,2.500000000000001,0.0006047043297460177
253.32173015021635,92.65230246858867,2.500000000000001,0.00046021592722752245
253.3765572461725,93.1923556285855,2.500000000000001,0.0008314517238961177
253.4281745894561,93.73413338358021,2.500000000000001,0.0009434035476126522
253.4767643903903,94.27750963821612,2.500000000000001,0.0007955512731475917
253.52249340845745,94.82235991506685,2.500000000000001,0.00038740893351695227
253.56553882711412,95.36856615657707,2.500000000000001,0.00022974128006894085
253.60606948852018,95.91602021815508,2.500000000000001,0.0007110535582463056
253.64426125964994,96.46461170810538,2.500000000000001,0.00045119812008268293
253.68027299090028,97.01423718761491,2.500000000000001,0.0009059651134196457
253.7142693337358,97.5648108209594,2.500000000000001,0.002513506363589101
253.74641507428694,98.11623899233416,2.500000000000001,0.0015896834357867656
253.77687085508535,98.66843805361242,2.500000000000001,0.003973975593150451
253.80579522737747,99.2213292928484,2.500000000000001,0.012705890173383196
253.8333443226361,99.77483875877283,2.500000000000001,0.020852206519549984
253.85967678105413,100.32889705872772,2.500000000000001,0.024810466452843013
253.88493878426638,100.88343916999176,2.500000000000001,0.022839360586221616
253.90927133254112,101.43840428059609,2.500000000000001,0.0150752270702002
253.93282225364038,101.99373231465526,2.500000000000001,0.004453617970088717
253.9557246064597,102.54937471825953,2.500000000000001,0.0027990189819469507
253.97810801751945,103.10528239102108,2.500000000000001,0.0036742603785384436
254.0000948814313,103.66141006478377,2.500000000000001,0.0019440873794543
254.02179949305318,104.2177162215851,2.500000000000001,0.0031992507169329456
254.04332445497334,104.77416606922435,2.500000000000001,0.011113689574999324
254.0647687430914,105.33072164045602,2.500000000000001,0.02248878663361853
254.08621736859521,105.88735253235605,2.500000000000001,0.02744194532996383
254.10774424277557,106.44403185596651,2.500000000000001,0.021235787433507333
254.1294146703026,107.00073352000929,2.500000000000001,0.009706939406584588
254.15127502817566,107.55744106783851,2.500000000000001,0.0007610517320288138
254.17335986461032,108.11414034118013,2.500000000000001,0.002786311214547442
254.19569830887514,108.67081489674037,2.500000000000001,0.0023578890586455703
254.2183062302923,109.22745270785927,2.500000000000001,0.0007224011314945349
254.24117955896915,109.78405011521725,2.500000000000001,0.0003877544413181979
254.26430295583867,110.34060552668501,2.500000000000001,0.0007540149935241012
254.28765743838747,110.89711572443044,2.500000000000001,0.0006781548306243593
254.311212316319,111.45358131264263,2.500000000000001,0.0004910574921166537
254.33491868931534,112.01000966677131,2.500000000000001,0.00032409865012646084
254.35872326113096,112.56640820407624,2.500000000000001,0.0001848920694020466
254.3825646670985,113.12278666803337,2.500000000000001,7.348842781707397e-05
254.40637463077,113.67915689935731,2.500000000000001,1.0131461919657328e-05
254.4300791996409,114.2355326080358,2.500000000000001,6.888683744208755e-05
254.45360003839522,114.79192915781232,2.500000000000001,0.00011280791511857089
254.4768518367184,115.34836442880264,2.500000000000001,0.00015372111659893466
254.4997564019657,115.90485486461327,2.500000000000001,0.00019666081223009612
254.5222301196255,116.46141924692816,2.500000000000001,0.0002393911694654755
254.54419437419597,117.01807613064575,2.500000000000001,0.000269241361876536
254.5655637941687,117.57484639213699,2.500000000000001,0.00026731010989676924
254.58626148260103,118.13174978577658,2.500000000000001,0.00022344061960187937
254.60621488181042,118.68880592440561,2.500000000000001,0.00013630786145888825
254.62535673674472,119.24603403497377,2.500000000000001,5.916404216162084e-06
254.64362593525928,119.80345273273264,2.500000000000001,0.00016775702540939284
254.6609682261775,120.36107981251739,2.500000000000001,0.0003847746247390542
254.6773327398871,120.91893247544225,2.500000000000001,0.0006447961890794786
254.69268968650985,121.47702535768619,2.500000000000001,0.0009036656655798869
254.7069990342623,122.03537368031725,2.500000000000001,0.000995245486071287
254.72024353502442,122.59398961384079,2.500000000000001,0.0007094412774504355
254.73240905913943,123.15288428058048,2.500000000000001,0.00022296722635405916
254.74348980715865,123.71206709902876,2.500000000000001,0.0037060230185448446
254.75349214990865,124.2715454582978,2.500000000000001,0.012787039293157245
254.76242103914421,124.8313256454707,2.500000000000001,0.02412398969428745
254.77029931805117,125.39141170177281,2.500000000000001,0.027859601325500062
254.77714746548062,125.95180589200827,2.500000000000001,0.020691707656675544
254.78299223775446,126.51250892379129,2.500000000000001,0.009234717413247632
254.78787521922868,127.07351932909276,2.500000000000001,0.000664071430739898
254.79184183978313,127.63483404464546,2.500000000000001,0.002757079631156005
254.79493282368998,128.19644890678427,2.500000000000001,0.0024017203152109923
254.797197960221,128.75835802641515,2.500000000000001,0.0008608320132348795
254.7986860277582,129.32055438868753,2.500000000000001,0.0002029223599597308
254.79945740421473,129.88302929386916,2.500000000000001,0.0005668180210522565
254.79956903733182,130.4457732465026,2.500000000000001,0.0005153884807584258
254.7990792206854,131.00877582461072,2.500000000000001,0.0003616134866510622
254.79804707067927,131.57202582884645,2.500000000000001,0.00022934580855986587
254.79653205650828,132.13551143025035,2.500000000000001,0.00012563475923333601
254.7945882395932,132.6992203119579,2.500000000000001,5.044364511244056e-05
254.7922783709218,133.26313980858984,2.500000000000001,3.706742806009264e-06
254.78966032671374,133.82725704889666,2.500000000000001,1.7346442834947636e-05
254.78679093310578,134.39155909316537,2.500000000000001,2.2168962745823627e-05
254.78372983127107,134.95603301423924,2.500000000000001,2.190242817407108e-05
254.78052604569584,135.52066621963905,2.500000000000001,2.129460784079255e-05
254.77723230032868,136.08544625162503,2.500000000000001,2.068676571979097e-05
254.77389958214752,136.65036102516677,2.500000000000001,2.0078902328941817e-05
254.77057710583887,137.2153989048808,2.500000000000001,1.9471018274756132e-05
254.76731230781067,137.78054875371635,2.500000000000001,1.886311414153297e-05
254.76414673822913,138.345799975841,2.500000000000001,1.8255190491330128e-05
254.7611292944303,138.91114256256566,2.500000000000001,1.7647247952664987e-05
254.75830173669414,139.47656713091038,2.500000000000001,1.7039287264918833e-05
254.75570808972458,140.04206481851836,2.500000000000001,1.6431309034343718e-05
254.75338137964496,140.60762758474598,2.500000000000001,1.5823313734041083e-05
254.75135805794127,141.17324795266515,2.500000000000001,1.5215301947973804e-05
254.7496725785778,141.73891905322847,2.500000000000001,1.4607274304419478e-05
254.74835318856248,142.30463482803634,2.500000000000001,1.3999231520329085e-05
254.74743909193046,142.8703890975263,2.500000000000001,1.3391174201712221e-05
254.7469525942382,143.43617701081357,2.500000000000001,1.2783102843626816e-05
254.74691456881362,144.0019941762857,2.500000000000001,1.217501805199519e-05
254.74735209547833,144.56783624517826,2.500000000000001,1.1566920454881964e-05
254.7482878206762,145.13369939022587,2.500000000000001,1.095881072468018e-05
254.74973173241563,145.6995806786863,2.500000000000001,1.0350689467209234e-05
254.75169523189987,146.26547730057754,2.500000000000001,9.742557266070396e-06
254.75418541640795,146.83138680514105,2.500000000000001,9.13523164225095e-06
254.75720469785486,147.39730706642905,2.500000000000001,8.533311910143023e-06
254.76075042227689,147.96323625026898,2.500000000000001,7.944217895574353e-06
254.7648104179932,148.5291729954664,2.500000000000001,7.372259885418679e-06
254.76937589337038,149.09511569570031,2.500000000000001,6.8181109865669715e-06
254.77442671061442,149.66106322347912,2.500000000000001,6.281772136410077e-06
254.77993649054562,150.22701462727034,2.500000000000001,5.763244064508077e-06
254.78587245139653,150.7929691089838,2.500000000000001,5.2625274273809925e-06
254.79219534336366,151.3589260035478,2.500000000000001,4.779622876761086e-06
254.79886357900196,151.92488455062485,2.500000000000001,4.314531105646018e-06
254.80582016500594,152.49084455878887,2.500000000000001,3.867252628170422e-06
254.81300743604564,153.05680564787875,2.500000000000001,3.4377879365848667e-06
254.82035807126698,153.6227677198246,2.500000000000001,3.026137547309692e-06
254.8278089172922,154.1887302710112,2.500000000000001,2.6323017808024924e-06
254.83528727843438,154.75469311963613,2.500000000000001,2.256281073818056e-06
254.84271710929337,155.3206561242132,2.500000000000001,1.8980758701822421e-06
254.85001998484077,155.88661917658376,2.500000000000001,1.5576864450300267e-06
254.8571202648799,156.45258198112265,2.500000000000001,1.2351130617773504e-06
254.86393302803282,157.01854474260614,2.500000000000001,9.303560181718051e-07
254.8703756552294,157.58450762685248,2.500000000000001,6.43415470538083e-07
254.87637700128334,158.15047032646834,2.500000000000001,3.742916129263803e-07
254.88186425317073,158.7164328220323,2.500000000000001,1.2298465662477088e-07
254.88676954448223,159.2823950881285,2.500000000000001,1.1050532342268355e-07
254.89103525608814,159.8483570080232,2.500000000000001,3.2617809855917034e-07
254.89460185409177,160.41431875192742,2.500000000000001,5.240335287208127e-07
254.89742330472032,160.9802802938076,2.500000000000001,7.040717160177273e-07
254.8994625881182,161.54624163108585,2.500000000000001,8.66292581580746e-07
254.90068832170434,162.1122027726742,2.500000000000001,1.0106959969629443e-06
254.9010926252101,162.6781637603738,2.500000000000001,1.1372820264488626e-06
254.9006637253802,163.24412460909173,2.500000000000001,1.2460505926217552e-06
254.8994058384548,163.81008533902178,2.500000000000001,1.337001585587833e-06
254.8973295956029,164.37604596940335,2.500000000000001,1.4101351940279386e-06
254.89446904478848,164.94200650831004,2.500000000000001,1.4654514820230598e-06
254.8908534002798,165.5079669724177,2.500000000000001,1.5029503208110961e-06
254.88652610800708,166.07392737393135,2.500000000000001,1.522631830760124e-06
254.88153859598376,166.6398877241393,2.500000000000001,1.5253130267045953e-06
254.8759492351138,167.20584803337485,2.500000000000001,1.5155927991103895e-06
254.86982218540186,167.77180831100893,2.500000000000001,1.5008905979919128e-06
254.86322206735724,168.33776856457104,2.500000000000001,1.4855160605813228e-06
254.85622592614834,168.9037288027289,2.500000000000001,1.4701413996723365e-06
254.84891156238143,169.46968903284738,2.500000000000001,1.4547667483247727e-06
254.84134832954547,170.03564925967848,2.500000000000001,1.439392173050818e-06
254.83361033184224,170.60160948836042,2.500000000000001,1.4240175628961922e-06
254.8257699008781,171.1675697233987,2.500000000000001,1.4086429400079245e-06
254.81789652287927,171.73352996874763,2.500000000000001,1.3932683930827855e-06
254.81005588360023,172.2994902278859,2.500000000000001,1.3778938555321845e-06
254.80230904712923,172.8654505038876,2.500000000000001,1.3625192829519604e-06
254.79471178006946,173.43141079948566,2.500000000000001,1.3471447196715242e-06
254.78731402776577,173.99737111712952,2.500000000000001,1.3317701656544657e-06
254.78015954454776,174.5633314590356,2.500000000000001,1.3163956208633333e-06
254.77328567551794,175.12929182722996,2.500000000000001,1.3010211074431197e-06
254.7667232833764,175.69525222358638,2.500000000000001,1.2856466475392393e-06
254.76049681025893,176.26121264985557,2.500000000000001,1.2702721745652717e-06
254.7546244616415,176.8271731076899,2.500000000000001,1.254897621936524e-06
254.7491184971105,177.39313359866242,2.500000000000001,1.239523100530725e-06
254.74398561121149,177.95909412428023,2.500000000000001,1.2241486546740834e-06
254.73922738668762,178.52505468599477,2.500000000000001,1.2087741955971994e-06
254.7348408021548,179.0910152852073,2.500000000000001,1.1933997454481494e-06
254.7308187765877,179.656975923272,2.500000000000001,1.1780253041893958e-06
254.72715073384012,180.22293660149663,2.500000000000001,1.1626508274156223e-06
254.7238231717028,180.78889732114158,2.500000000000001,1.1472763594566392e-06
254.7208202216269,181.35485808341713,2.500000000000001,1.1319019668234787e-06
254.71812418711153,181.92081888948064,2.500000000000001,1.11652760511263e-06
254.71571605077776,182.48677974043292,2.500000000000001,1.1011531855564107e-06
254.71357594224,183.05274063731488,2.500000000000001,1.0857787746649136e-06
254.7116835609551,183.61870158110438,2.500000000000001,1.0704044389490212e-06
254.71001855021424,184.18466257271376,2.500000000000001,1.055030023092648e-06
254.70856082028206,184.75062361298748,2.500000000000001,1.0396555714236792e-06
254.7072908203359,185.31658470270145,2.500000000000001,1.0242812391834785e-06
254.7061897602918,185.88254584256202,2.500000000000001,1.008906937603619e-06
254.7052397847914,186.44850703320685,2.500000000000001,9.93532600099493e-07
254.7044241025728,187.01446827520581,2.500000000000001,9.781582266334467e-07
254.7037270751543,187.58042956906263,2.500000000000001,9.627838837153356e-07
254.70313426923173,188.14639091521758,2.500000000000001,9.474095934909121e-07
254.70263247746402,188.71235231405018,2.500000000000001,9.320352893748966e-07
254.70221506589812,189.2783137659527,2.500000000000001,9.166609713296167e-07
254.7018675057393,189.84427527114488,2.500000000000001,9.012866836827852e-07
254.701580597051,190.41023682985113,2.500000000000001,8.859124042145256e-07
254.7013463385972,190.9761984422516,2.500000000000001,8.70538088522277e-07
254.70115788306353,191.54216010848629,2.500000000000001,8.551638252990987e-07
254.70100949022714,192.10812182865928,2.500000000000001,8.397895923246557e-07
254.70089648151335,192.6740836028433,2.500000000000001,8.244153230137462e-07
254.70081519892557,193.24004543108356,2.500000000000001,8.090410838768431e-07
254.70075887957893,193.80600731355753,2.500000000000001,7.936668083285196e-07
254.70073088287995,194.37196925007467,2.500000000000001,7.782925628794037e-07
254.70073022158,194.93793124063006,2.500000000000001,7.629183918570029e-07
254.7007569005935,195.50389328520515,2.500000000000001,7.475441843108835e-07
254.70081191699754,196.06985538377117,2.500000000000001,7.321699845689484e-07
254.70089727471415,196.63581753629316,2.500000000000001,7.167957704106582e-07
254.7010160134909,197.20177974273273,2.500000000000001,7.014215417988311e-07
254.70117225140214,197.7677420030517,2.500000000000001,6.860473208788445e-07
254.70137123969562,198.3337043172146,2.500000000000001,6.706731741608458e-07
254.7016194283924,198.89966668519165,2.500000000000001,6.552990794248525e-07
254.7019245406223,199.46562910696142,2.500000000000001,6.399249035376872e-07
254.70229565323683,200.03159158251293,2.500000000000001,6.245507130095686e-07
254.70274328079208,200.59755411184844,2.500000000000001,6.091765521678649e-07
254.70328355084476,201.1635166948615,2.500000000000001,5.938024431579747e-07
254.70392503180665,201.7294793317419,2.500000000000001,5.784283193954665e-07
254.70468325955446,202.29544202253382,2.500000000000001,5.630541364772708e-07
254.70557545553157,202.86140476730233,2.500000000000001,5.476800274603236e-07
254.70662057882234,203.42736756613422,2.500000000000001,5.323059479422826e-07
254.70783935396048,203.99333041913806,2.500000000000001,5.169318535215951e-07
254.70925426960227,204.55929332644394,2.500000000000001,5.015577663431158e-07
254.71088954320277,205.12525628820276,2.500000000000001,4.8618364200308e-07
254.71277104700326,205.69121930458547,2.500000000000001,4.7080956919508237e-07
254.71492619099573,206.2571823757807,2.500000000000001,4.554355256995609e-07
254.7173837590836,206.82314550199283,2.500000000000001,4.4006144493033804e-07
254.72017369542826,207.3891086834388,2.500000000000001,4.246873933975022e-07
254.72332683894447,207.95507192034427,2.500000000000001,4.0931337106392256e-07
254.72687460510122,208.52103521293958,2.500000000000001,3.939392891626424e-07
254.7308486155525,209.08699856145424,2.500000000000001,3.7856521420294807e-07
254.73528027767168,209.65296196611106,2.500000000000001,3.631911905115909e-07
254.7402003177257,210.21892542712033,2.500000000000001,3.4781715150532407e-07
254.74563827317942,210.78488894467228,2.500000000000001,3.3244316369434845e-07
254.75162195139504,211.3508525189304,2.500000000000001,3.1706918267412056e-07
254.7581768637279,211.91681615002307,2.500000000000001,3.016951862250264e-07
254.76532564565414,212.4827798380363,2.500000000000001,2.8632117430980803e-07
254.7730874750161,213.0487435830058,2.500000000000001,2.709471468917098e-07
254.78147750167463,213.61470738490925,2.500000000000001,2.555731482985654e-07
254.7905063027418,214.18067124365894,2.500000000000001,2.4019917849152393e-07
254.80017937807176,214.7466351590955,2.500000000000001,2.2482523743328773e-07
254.81049670076052,215.3125991309816,2.500000000000001,2.0945130290382605e-07
254.82145233701146,215.87856315899685,2.500000000000001,1.9407737486614967e-07
254.83303414883838,216.44452724273464,2.500000000000001,1.7870334237062308e-07
254.84522359170228,217.01049138169853,2.500000000000001,1.6332929410888942e-07
254.85799561732895,217.57645557530228,2.500000000000001,1.479554518684528e-07
254.87131868966614,218.14241982286939,2.500000000000001,1.3258161596942402e-07
254.8851549192778,218.70838412363574,2.500000000000001,1.1720763109643291e-07
254.8994603185054,219.27434847675264,2.500000000000001,1.0183365249014208e-07
254.91418517655364,219.8403128812927,2.500000000000001,8.64597688431716e-08
254.92927455038537,220.4062773362562,2.500000000000001,7.108591356942218e-08
254.94466886403956,220.9722418405799,2.500000000000001,5.571197571935929e-08
254.96030460585814,221.5382063931462,2.500000000000001,4.033802180373655e-08
254.97611511021208,222.10417099279397,2.500000000000001,2.4964207062175462e-08
254.99203140778576,222.67013563833066,2.500000000000001,9.59037617879774e-09
255.00798312639225,223.23610032854424,2.500000000000001,5.7835817966880116e-09
255.02389942274547,223.80206506221597,2.500000000000001,2.115748944020316e-08
255.03970992465838,224.3680298381338,2.500000000000001,3.653132460687392e-08
255.0553456628153,224.93399465510464,2.500000000000001,5.190515388329115e-08
255.07073997158759,225.49995951196718,2.500000000000001,6.727902167096184e-08
255.08582933931666,226.06592440760306,2.500000000000001,8.265288364196638e-08
255.10055419004192,226.63188934094836,2.500000000000001,9.802673983470403e-08
255.1148595807258,227.19785431100254,2.500000000000001,1.1340059028697114e-07
255.12869580057344,227.76381931683716,2.500000000000001,1.2877436848819072e-07
255.14201886192603,228.32978435760262,2.500000000000001,1.4414818538742865e-07
255.15479087534752,228.89574943253356,2.500000000000001,1.5952199665934779e-07
255.16698030478582,229.46171454095239,2.500000000000001,1.7489580234058547e-07
255.17856210196658,230.02767968227118,2.500000000000001,1.9026966901477973e-07
255.1895177223508,230.59364485599278,2.500000000000001,2.0564348580771968e-07
255.19983502795245,231.15961006170866,2.500000000000001,2.2101720839302375e-07
255.20950808497466,231.72557529909744,2.500000000000001,2.363909920860179e-07
255.21853686651355,232.2915405679202,2.500000000000001,2.517648812865143e-07
255.22692687242338,232.85750586801626,2.500000000000001,2.67138654209018e-07
255.23468867981606,233.42347119929644,2.500000000000001,2.825123774387322e-07
255.24183743855258,233.98943656173728,2.500000000000001,2.978861397424749e-07
255.24839232647514,234.55540195537301,2.500000000000001,3.1325987461132857e-07
255.25437597906006,235.12136738028843,2.500000000000001,3.2863364862866494e-07
255.2598139076625,235.68733283661084,2.500000000000001,3.440074618320285e-07
255.26473391964464,236.25329832450234,2.500000000000001,3.593812477123194e-07
255.26916555247146,236.81926384415232,2.500000000000001,3.747549619430385e-07
255.27313953240994,237.38522939576987,2.500000000000001,3.901286267430796e-07
255.2766872668333,237.95119497957708,2.500000000000001,4.0550233087926213e-07
255.27984037739577,238.51716059580247,2.500000000000001,4.208760965725031e-07
255.282630279566,239.08312624467533,2.500000000000001,4.3624987949444674e-07
255.28508781225906,239.64909192642082,2.500000000000001,4.5162361313605995e-07
255.28724291963607,240.21505764125516,2.500000000000001,4.669973197171493e-07
255.28912438560073,240.78102338938206,2.500000000000001,4.823709992752923e-07
255.2907596201448,241.3469891709897,2.500000000000001,4.977446518483125e-07
255.2921744955096,241.91295498624834,2.500000000000001,5.131183662024895e-07
255.2933932291503,242.4789208353086,2.500000000000001,5.284921201929734e-07
255.29443830972306,243.04488671830015,2.500000000000001,5.438658251279744e-07
255.29533046176175,243.61085263533116,2.500000000000001,5.592394588635202e-07
255.2960886443506,244.17681858648808,2.500000000000001,5.746131323476135e-07
255.29673007893302,244.74278457183584,2.500000000000001,5.899868678001015e-07
255.29727030138565,245.3087505914183,2.500000000000001,6.053605321652309e-07
255.29772323362283,245.87471664525913,2.500000000000001,6.207341476624244e-07
255.29810127024186,246.44068273336293,2.500000000000001,6.361078252411322e-07
255.2984153760599,247.00664885571612,2.500000000000001,6.51481476209462e-07
255.29867519079266,247.5726150122885,2.500000000000001,6.668551227869452e-07
255.29888378406727,248.138581203218,2.500000000000001,6.822288537398521e-07
255.29905220489394,248.70454742832172,2.500000000000001,6.976024916475609e-07
255.2991863201057,249.27051368754394,2.500000000000001,7.129760365483868e-07
255.2992909897828,249.836479980822,2.500000000000001,7.28349688119908e-07
255.29937014271138,250.40244630808775,2.500000000000001,7.437234020343618e-07
255.29942684154855,250.96841266927038,2.500000000000001,7.590970008713746e-07
255.2994633364042,251.53437906429838,2.500000000000001,7.744705512157316e-07
255.29948110585,252.10034549310188,2.500000000000001,7.89844252745067e-07
255.2994808846429,252.66631195561547,2.500000000000001,8.052179280383026e-07
255.2994626776998,253.2322784517804,2.500000000000001,8.205914662218108e-07
255.29943111359938,253.79824498133428,2.500000000000001,8.359650447913261e-07
255.29938099064077,254.3642115443907,2.500000000000001,8.513386637841139e-07
255.2993105188017,254.9301781409125,2.500000000000001,8.667122788731361e-07
255.2992172081092,255.49614477087704,2.500000000000001,8.820858457311971e-07
255.29909783958854,256.06211143427885,2.500000000000001,8.974594531250914e-07
255.29894842898898,256.628078131132,2.500000000000001,9.128330567274195e-07
255.29876418510943,257.1940448614721,2.500000000000001,9.282065900290133e-07
255.29853537357636,257.7600116253052,2.500000000000001,9.43580252707625e-07
255.29826052354457,258.3259784227825,2.500000000000001,9.58953889524415e-07
255.29793192977763,258.89194525401274,2.500000000000001,9.743273674245297e-07
255.2975409560161,259.45791211913286,2.500000000000001,9.897009304487888e-07
255.29707799582496,260.0238790183078,2.500000000000001,1.0050745120875328e-06
255.2965324479145,260.5898459517296,2.500000000000001,1.0204480458337573e-06
255.29589270970138,261.1558129196151,2.500000000000001,1.0358216426350696e-06
255.29514619305837,261.72177992220315,2.500000000000001,1.0511952137979975e-06
255.29427936628502,262.28774695974903,2.500000000000001,1.0665687593614406e-06
255.29327782627135,262.8537140325184,2.500000000000001,1.0819423015461806e-06
255.29212640460972,263.41968114077787,2.500000000000001,1.0973158403878491e-06
255.29080931101623,263.9856482847851,2.500000000000001,1.1126894202879007e-06
255.28931031682023,264.5516154647742,2.500000000000001,1.1280629525569404e-06
255.2876129804821,265.11758268094036,2.500000000000001,1.1434364372319935e-06
255.28570091607034,265.68354993342,2.500000000000001,1.1588099630771199e-06
255.2835581044088,266.249517222269,2.500000000000001,1.1741835301320271e-06
255.28116924517514,266.81548454743694,2.500000000000001,1.1895571162518135e-06
255.27851479314617,267.3814519082982,2.500000000000001,1.2049306105596245e-06
255.27558582053982,267.9474193047525,2.500000000000001,1.2203040574604852e-06
255.27237119553612,268.51338673619586,2.500000000000001,1.2356775900856627e-06
255.26886211831248,269.07935420177364,2.500000000000001,1.2510511641038298e-06
255.26505256879426,269.6453217003379,2.500000000000001,1.2664246686458042e-06
255.26093974495006,270.2112892304005,2.500000000000001,1.2817981259305564e-06
255.25652447776528,270.77725679008546,2.500000000000001,1.2971716690842284e-06
255.25181160795083,271.3432243770774,2.500000000000001,1.3125452316021132e-06
255.24681030877113,271.90919198856915,2.500000000000001,1.3279187247932412e-06
255.24153433919193,272.47515962120656,2.500000000000001,1.3432921486924937e-06
255.23600756541393,273.04112727184025,2.500000000000001,1.3586656142469861e-06
255.23024958935906,273.6070949352867,2.500000000000001,1.3740391658599614e-06
255.2242889743514,274.1730626062734,2.500000000000001,1.3894126704787492e-06
255.21815900741865,274.7390302787731,2.500000000000001,1.4047861503193291e-06
255.2118974258759,275.30499794595266,2.500000000000001,1.4201596054163553e-06
255.20554601303587,275.8709656001252,2.500000000000001,1.4355330801766745e-06
255.19915006309392,276.4369332327054,2.500000000000001,1.4509065968202431e-06
255.19275771950734,277.0029008341679,2.500000000000001,1.4662800888345327e-06
255.1864191956795,277.56886839401164,2.500000000000001,1.4816535562553735e-06
255.1801858913182,278.13483590072815,2.500000000000001,1.4970270213055954e-06
255.17410942227792,278.70080334177743,2.500000000000001,1.5124004840228847e-06
255.16824058584942,279.2667707035698,2.500000000000001,1.527773944440504e-06
255.16262828712544,279.83273797145614,2.500000000000001,1.5431474247829466e-06
255.1573184550882,280.39870512972726,2.500000000000001,1.5585208807224523e-06
255.15235297925383,280.9646721616237,2.500000000000001,1.573894356653188e-06
255.14776869895064,281.53063904935675,2.500000000000001,1.589048362510092e-06
255.143596477482,282.09660577414286,2.500000000000001,1.5985313610324047e-06
255.13986039247342,282.66257231625144,2.500000000000001,1.5871057056503098e-06
255.13657707160087,283.22853865507034,2.500000000000001,1.5395570078235084e-06
255.13375519965797,283.79450476919374,2.500000000000001,1.4504610983138192e-06
255.13139521861106,284.36047063653484,2.500000000000001,1.3196024374010151e-06
255.12948923704346,284.92643623446594,2.500000000000001,1.1469809343147058e-06
255.12802115934028,285.49240154205836,2.500000000000001,9.325966627024631e-07
255.12696703047598,286.05836654531765,2.500000000000001,6.764495409104936e-07
255.12629557739228,286.62433122659314,2.500000000000001,3.7853945593554035e-07
255.1259636261846,287.19029535968156,2.500000000000001,3.8866343005889836e-08
255.1259315354989,287.7562589343723,2.500000000000001,3.425701784978894e-07
255.12615110025482,288.32222187693816,2.500000000000001,7.657704592678664e-07
255.12657090289883,288.88818411075334,2.500000000000001,1.2307348292218783e-06
255.12714300508836,289.4541458284069,2.500000000000001,1.7374638284959856e-06
255.12780458272118,290.0201064388604,2.500000000000001,2.2859580834723393e-06
255.12850701617285,290.5860660263544,2.500000000000001,2.8762184268443235e-06
255.1291999726102,291.1520244323289,2.500000000000001,3.508245618433172e-06
255.12984216871462,291.7179817376346,2.500000000000001,4.182040576117348e-06
255.13038281830546,292.2839372536919,2.500000000000001,4.897604695536459e-06
255.1307903665111,292.8498909175866,2.500000000000001,5.654939215974767e-06
255.13103604110233,293.41584240437084,2.500000000000001,6.454045406944906e-06
255.13109859153474,293.98179132348696,2.500000000000001,7.294925043161515e-06
255.130964698801,294.547737206315,2.500000000000001,8.17758005877342e-06
255.1306291261367,295.113679491885,2.500000000000001,9.102012401213825e-06
255.1300946025579,295.679617510612,2.500000000000001,1.0068224217796964e-05
255.1293714395243,296.24555046592474,2.500000000000001,1.1076217887046088e-05
255.12847688938987,296.8114774136901,2.500000000000001,1.2125996116545567e-05
255.12743426244282,297.37739723935925,2.500000000000001,1.3217561841156328e-05
255.1262718269795,297.9433086328107,2.500000000000001,1.4350918143404734e-05
255.12502152374554,298.50921006091113,2.500000000000001,1.5524455820371945e-05
255.1237228783162,299.07510001496485,2.500000000000001,1.6690811678245735e-05
255.1224070401305,299.64097623170215,2.500000000000001,1.7711632363035976e-05
255.12110843303066,300.20683634654597,2.500000000000001,1.8443374544390344e-05
255.11985907512158,300.77267764797983,2.500000000000001,1.8832610419746913e-05
255.11868702255774,301.3384970427817,2.500000000000001,1.887662731959967e-05
255.11761489884563,301.90429102093185,2.500000000000001,1.856995755504893e-05
255.1166585546526,302.4700556208426,2.500000000000001,1.789734584844377e-05
255.11582589933246,303.03578639565455,2.500000000000001,1.6843560865955527e-05
255.11511594037637,303.6014783814401,2.500000000000001,1.5403164785263053e-05
255.11451806094834,304.1671260682465,2.500000000000001,1.3575932483073665e-05
255.1140115587515,304.73272337498213,2.500000000000001,1.1361858767919266e-05
255.11356546207136,305.2982636270558,2.500000000000001,8.760943614468056e-06
255.11313863881165,305.8637395368667,2.500000000000001,5.773193082144513e-06
255.11268021290022,306.42914320789254,2.500000000000001,2.3986204556496937e-06
255.1121248873774,306.9944660692758,2.500000000000001,1.3627530138733575e-06
255.11140828138633,307.5596991946283,2.500000000000001,5.510897167751066e-06
255.11045479781916,308.12483292883115,2.500000000000001,1.0045771821145166e-05
255.10918306265057,308.6898570658282,2.500000000000001,1.496732591045173e-05
255.1075128141726,309.25476089269404,2.500000000000001,2.02754967511166e-05
255.10534678111551,309.8195332799595,2.500000000000001,2.5970208851503292e-05
255.10260015215317,310.3841627106027,2.500000000000001,3.205137283725137e-05
255.09918503522357,310.9486373851228,2.500000000000001,3.851888484084562e-05
255.09502170754564,311.5129453119636,2.500000000000001,4.537262560210493e-05
255.09002058603633,312.0770744011481,2.500000000000001,5.261245923526237e-05
255.08411161768387,312.6410125967212,2.500000000000001,6.02382321503488e-05
255.0772284961194,313.2047479920535,2.500000000000001,6.824977257251673e-05
255.06931415254425,313.7682689652176,2.500000000000001,7.664688946136366e-05
255.06032196231337,314.3315643177679,2.500000000000001,8.542937136246134e-05
255.05021673104577,314.89462341720775,2.500000000000001,9.459698554573159e-05
255.03897543841884,315.45743634083607,2.500000000000001,0.00010416241459858033
255.0265877237815,316.01999401851236,2.500000000000001,0.00011458229471252367
255.01306554878306,316.5822883701049,2.500000000000001,0.00012725260191073375
254.9984154518625,317.14431244321236,2.500000000000001,0.0001436772928726716
254.98266595125764,317.70606053293795,2.500000000000001,0.0001644380870580521
254.9658575532623,318.2675282964397,2.500000000000001,0.0001885907507886013
254.94804196384533,318.8287128527878,2.500000000000001,0.00046988803641958605
254.92927572705855,319.3896128680908,2.500000000000001,0.005015473438086971
254.9096334639594,319.9502286215685,2.500000000000001,0.015647588608338724
254.88919324009373,320.5105620568439,2.500000000000001,0.026260191636610433
254.86803914634584,321.0706168118591,2.500000000000001,0.027136453663274544
254.84625969545263,321.6303982298748,2.500000000000001,0.01764064998751042
254.82394207341832,322.1899133510799,2.500000000000001,0.006092091505608847
254.80118372106853,322.7491708843288,2.500000000000001,0.001108935952182192
254.77807623568603,323.308181161575,2.500000000000001,0.003125805374392119
254.7547091348319,323.8669560742301,2.500000000000001,0.0021160396590364865
254.73116837247295,324.42550899388533,2.500000000000001,0.0006553532270531865
254.7075349951283,324.9838546788746,2.500000000000001,0.00016792085776894212
254.68388396843662,325.5420091685446,2.500000000000001,0.0004196516743317096
254.66028319987953,326.09998966722554,2.500000000000001,0.00040087501944639325
254.63679813147712,326.65781442141645,2.500000000000001,0.000334376321378615
254.61347676977041,327.215502585206,2.500000000000001,0.00027386778717200814
254.59036266398334,327.7730740890539,2.500000000000001,0.0002196336050975305
254.5674907834269,328.33054950122016,2.500000000000001,0.00017168247862564675
254.54488772374432,328.8879498893635,2.500000000000001,0.00013002127610858743
254.5225721386392,329.4452966825641,2.500000000000001,9.465525609967148e-05
254.5005553786676,330.0026115349202,2.500000000000001,6.558829114792961e-05
254.4788423128689,330.5599161916316,2.500000000000001,4.282309121723449e-05
254.4574323039497,331.1172323582549,2.500000000000001,2.6361426673950353e-05
254.43632030361022,331.6745815736121,2.500000000000001,1.6204350986079006e-05
254.41549803154822,332.2319850866661,2.500000000000001,1.2352423162099285e-05
254.39495519982302,332.78946373754184,2.500000000000001,1.47355271541005e-05
254.37468074367513,333.34703784279645,2.500000000000001,2.236809369376661e-05
254.35465866709492,333.9047270868269,2.500000000000001,3.293196786569192e-05
254.33488361384693,334.4625504114263,2.500000000000001,4.445644133146365e-05
254.3153486277802,335.02052591784894,2.500000000000001,5.6377735644804966e-05
254.29605421487548,335.57867076936867,2.500000000000001,6.917426547140367e-05
254.27700116645488,336.137001095808,2.500000000000001,8.433828687729754e-05
254.25819111995892,336.6955319163867,2.500000000000001,0.0001034789185906729
254.2396348456739,337.25427705237,2.500000000000001,0.00012722181217496005
254.22134835132454,337.8132490564201,2.500000000000001,0.00015457104790832512
254.20335288781826,338.37245914766095,2.500000000000001,0.0005436670816667737
254.18566941943183,338.9319171514225,2.500000000000001,0.005365560498175787
254.16833271949469,339.4916314619739,2.500000000000001,0.016452107045393332
254.1513776070503,340.0516090017242,2.500000000000001,0.026776392407627362
254.1348477505031,340.6118552071828,2.500000000000001,0.026609682323672657
254.11877639028125,341.1723739958175,2.500000000000001,0.016786544777195683
254.10321203689597,341.7331677910476,2.500000000000001,0.005732909448059161
254.08819907185142,342.2942375315494,2.500000000000001,0.0010146748359610462
254.07377686302928,342.8555827209603,2.500000000000001,0.002917156453966646
254.05999867901892,343.41720141264227,2.500000000000001,0.0019804106521320174
254.04690313010877,343.9790903522804,2.500000000000001,0.0006089425641600852
254.03453071045035,344.54124499370295,2.500000000000001,0.00016335408054278693
254.02291897398402,345.1036595921144,2.500000000000001,0.00039538909002915124
254.01210188497348,345.6663272974178,2.500000000000001,0.00037161607156186246
254.00210925826266,346.22924025777235,2.500000000000001,0.0003025502258406164
253.99296629319616,346.7923897303246,2.500000000000001,0.00023886563193273127
253.98469320366897,347.3557661948614,2.500000000000001,0.00018080770906957463
253.97730495028924,347.919359470403,2.500000000000001,0.00012836622512549142
253.9708110650591,348.48315883817565,2.500000000000001,8.153304560462837e-05
253.96521554744606,349.0471531618133,2.500000000000001,4.030192767444427e-05
253.96051681720613,349.61133098941207,2.500000000000001,4.674120068765256e-06
253.95670249204738,350.1756795378525,2.500000000000001,2.5261692197786273e-05
253.95376364530216,350.7401876262338,2.500000000000001,4.928275766159887e-05
253.9516818985308,351.30484335641415,2.500000000000001,6.719138865022083e-05
253.95043872592976,351.86963640510953,2.500000000000001,7.892622042535254e-05
253.9500017285131,352.4345541072092,2.500000000000001,8.455136599214766e-05
253.9503375989392,352.99958503730943,2.500000000000001,8.499514206191983e-05
253.95140838178372,353.56471795473277,2.500000000000001,8.244283731845807e-05
253.95316680119677,354.12993966999625,2.500000000000001,7.875271288206343e-05
253.95556987970232,354.6952406462066,2.500000000000001,7.44695444566779e-05
253.9585709851729,355.2606101960776,2.500000000000001,6.960254572354929e-05
253.96211061715908,355.8260374829282,2.500000000000001,6.41516175254709e-05
253.9661310907921,356.39151175465906,2.500000000000001,5.811668467371232e-05
253.97057146801876,356.95702216521386,2.500000000000001,5.1497699007921185e-05
253.97536376381464,357.5225574458624,2.500000000000001,4.429464287784879e-05
253.98045054438668,358.0881066766337,2.500000000000001,3.6507532248676036e-05
253.98575751266748,358.6536576495097,2.500000000000001,2.8136420206253988e-05
253.9912178137947,359.2192008743924,2.500000000000001,1.918140015201362e-05
253.99675106364455,359.78472041894133,2.500000000000001,9.6426090649177e-06
254.00229161393594,360.35020221774147,2.500000000000001,4.797692364005542e-07
254.00775760911097,360.91563005151926,2.500000000000001,1.118550094219547e-05
254.0130707629026,361.4809862525314,2.500000000000001,2.247429867838313e-05
254.01814713083198,362.04624734993644,2.500000000000001,3.4345818288551086e-05
254.02290736739025,362.6113937708046,2.500000000000001,4.679965563824348e-05
254.02726677890928,363.1764004503537,2.500000000000001,5.983534337528381e-05
254.0311379590699,363.74123920998295,2.500000000000001,7.345234760188072e-05
254.03443028526533,364.3058783570417,2.500000000000001,8.765006456981015e-05
254.037049304356,364.87028227979755,2.500000000000001,0.00010242781728761051
254.03889601586525,365.43441103694624,2.500000000000001,0.00011778485237315522
254.03986606364055,365.99821994342483,2.500000000000001,0.00013372033688572563
254.03984885243665,366.5616591584293,2.500000000000001,0.00015001600946058715
254.03872585060162,367.1246772633906,2.500000000000001,0.0001627615316301989
254.03637388349364,367.68721023592747,2.500000000000001,0.00016199929450208018
254.03265794221338,368.24919074262885,2.500000000000001,0.00013859823285767247
254.02743304882833,368.8105448871127,2.500000000000001,8.961771961445644e-05
254.02054338979258,369.3711919459892,2.500000000000001,1.4976600259620989e-05
254.01181808212397,369.9310400706485,2.500000000000001,8.542644010801122e-05
254.00108324649878,370.4900012327024,2.500000000000001,0.0002118444073673467
253.98814364445371,371.0479698766384,2.500000000000001,0.0003645290131973097
253.9727901653474,371.60483199019416,2.500000000000001,0.0005395150606212137
253.95480630078802,372.16047318900246,2.500000000000001,0.0006927676280887993
253.933963117539,372.7147728892077,2.500000000000001,0.0007297197066378036
253.91001327422597,373.2675963735351,2.500000000000001,0.000576808863760056
253.88269644167258,373.81880139968865,2.500000000000001,0.00021478937300597523
253.85174679957802,374.3682464923594,2.500000000000001,0.0003564321014022117
253.81688979749717,374.91578124583697,2.500000000000001,0.0011359781185200338
253.77783284045802,375.4612498629663,2.500000000000001,0.0020912632619968625
253.734281300553,376.0044922865996,2.500000000000001,0.0028222999486087067
253.68593488856936,376.54534480646026,2.500000000000001,0.0024221916899239003
253.6324889492392,377.08364497026633,2.500000000000001,0.00014913618140558924
253.57364429699928,377.619221638926,2.500000000000001,0.004105327879228136
253.50909032597204,378.151906049294,2.500000000000001,0.009892009021783324
253.43852428796527,378.68152979532476,2.500000000000001,0.016573075946135784
253.361640582126,379.2079218912178,2.500000000000001,0.02385521430399953
253.27815964425096,379.73092094916785,2.500000000000001,0.03160520875422295
253.18779717657242,380.2503703833591,2.500000000000001,0.038651959221857976
253.09027940938864,380.76611161805886,2.500000000000001,0.04265998437945977
252.98534472995178,381.2779913635654,2.500000000000001,0.043027553240362344
252.8727556598576,381.7858746960112,2.500000000000001,0.04323895515954244
252.75228256598731,382.2896249911387,2.500000000000001,0.047733799644088706
252.62371301364828,382.78911401423983,2.500000000000001,0.05521859579889094
252.4868596293581,383.2842309548225,2.500000000000001,0.05839721085917755
252.34154867124028,383.77487313926605,2.500000000000001,0.054270337053763544
252.18763685169998,384.2609499371456,2.500000000000001,0.04858564784475411
252.02500096581852,384.7423876279532,2.500000000000001,0.046752638410317494
251.85353480695406,385.2191186715661,2.500000000000001,0.05061042664116631
251.6731544621372,385.6910883722197,2.500000000000001,0.060023923122027416
251.48381244754694,386.1582674891611,2.500000000000001,0.06917676616315392
251.28546722001886,386.6206308378034,2.500000000000001,0.06897112263259865
251.07810838881255,387.0781709500558,2.500000000000001,0.06020705867556762
250.86174860500864,387.5308948748173,2.500000000000001,0.0527129790528242
250.6364199711956,387.97881980743347,2.500000000000001,0.05029667201523918
250.40218246694812,388.42198427564847,2.500000000000001,0.050044381466757916
250.1591152361103,388.8604374067644,2.500000000000001,0.049402417067524074
249.9073184891688,389.29424169676844,2.500000000000001,0.047755014660965614
249.64691601491586,389.723476665221,2.500000000000001,0.04523908115833701
249.37804550319194,390.14822676199503,2.500000000000001,0.04286478245773294
249.1008657375748,390.568591166275,2.500000000000001,0.04245944646367321
248.81555311776845,390.9846797759883,2.500000000000001,0.04525944829972259
248.5223005881878,391.3966123545039,2.500000000000001,0.051562748267106814
248.22130933839188,391.8045132263648,2.500000000000001,0.06093757306859245
247.91280920580581,392.2085221255445,2.500000000000001,0.06909258523255353
247.5970382435714,392.60878685667086,2.500000000000001,0.06807264266485448
247.27424098192537,393.00545361521733,2.500000000000001,0.057020236875333745
246.94467448625917,393.3986768435186,2.500000000000001,0.044123778601771135
246.60860182929892,393.78861018657307,2.500000000000001,0.034232837366132834
246.26629817671306,394.17541773008776,2.500000000000001,0.026336322204395347
245.9180422205035,394.5592617078528,2.500000000000001,0.019078825854440443
245.5641168399602,394.9403048845889,2.500000000000001,0.01215028332674378
245.20481019339763,395.3187141017044,2.500000000000001,0.005586132683112933
244.84040695774954,395.69464665174286,2.500000000000001,0.00011931898224005566
244.47119332904887,396.0682607540192,2.500000000000001,0.002736475309985534
244.0974510125604,396.4397062591805,2.500000000000001,0.0031703337777281675
243.7194665993814,396.80913648743444,2.500000000000001,0.0052129995003029036
243.33751059927548,397.17669570293367,2.500000000000001,0.01277683408324436
242.9518549084302,397.5425266719712,2.500000000000001,0.020370789911655744
242.56275978871298,397.9067569196417,2.500000000000001,0.015880018316289508
242.1704744196223,398.26950987697927,2.500000000000001,0.0012671139266084966
241.77524727653025,398.63090052483625,2.500000000000001,0.017369021745730944
241.37731073918417,398.99103482714656,2.500000000000001,0.020602612545352787
240.97688355417688,399.35000431432945,2.500000000000001,0.010226571640365004
240.57417583947702,399.7078989664991,2.500000000000001,0.007277865525954892
240.1693872379878,400.0647947840436,2.500000000000001,0.020903050319396443
239.76269492258996,400.42075727889727,2.500000000000001,0.021231474288919493
239.35426775905395,400.77584131374215,2.500000000000001,0.01242924312533332
238.94425849480706,401.13009602322427,2.500000000000001,0.005421638883172568
238.53281208795252,401.48355120657357,2.500000000000001,0.0034253661875032647
238.120055781118,401.83622985040046,2.500000000000001,0.0032381835102863504
237.7061032526052,402.18814439920055,2.500000000000001,0.00231216277557892
237.29105750389854,402.53929181456675,2.500000000000001,9.500021722443778e-05
236.87499805132862,402.88966777082203,2.500000000000001,0.0033185188340644507
236.4580051953968,403.23925425244727,2.500000000000001,0.007125192532992718
236.0401434303745,403.5880290162315,2.500000000000001,0.009754015905504395
235.62146350565516,403.9359520300274,2.500000000000001,0.010066814560121248
235.20200657034883,404.2829786808837,2.500000000000001,0.007240334894272502
234.78180373002067,404.62905628970736,2.500000000000001,1.0786111169959741e-05
234.36087671044103,404.97412456797844,2.500000000000001,0.007919426040601845
233.93923729771774,405.31811089034545,2.500000000000001,0.006449720720824967
233.51689151623918,405.66094484167337,2.500000000000001,0.006434646673769427
233.09383819415262,406.00255113864984,2.500000000000001,0.018687471838718352
232.67006759916268,406.3428400084245,2.500000000000001,0.019399939486587022
232.2455636472905,406.6817154636747,2.500000000000001,0.011378157781478125
231.8203124576437,407.0190918228785,2.500000000000001,0.0037472157108677296
231.39428315817779,407.3548646511383,2.500000000000001,0.00010221460039019137
230.96744573533007,407.6889255153753,2.500000000000001,0.0015782131656800183
230.53976475867435,408.02117054003173,2.500000000000001,0.001963919004668661
230.11120952497657,408.35149170968094,2.500000000000001,0.0016177686893043847
229.6817427762137,408.67978267005066,2.500000000000001,0.0005112981418520343
229.25132212324476,409.00592125670084,2.500000000000001,0.0021235406521062576
228.81991011955583,409.32979864895555,2.500000000000001,0.007810910648439785
228.38745990529983,409.6513029084819,2.500000000000001,0.015223762386191917
227.95392546272694,409.9703095243134,2.500000000000001,0.016536441149064236
227.5192630946586,410.28670699840325,2.500000000000001,0.006357530899370743
227.08342908651983,410.60038565103406,2.500000000000001,0.005380245899159486
226.64637790894284,410.9112279387673,2.500000000000001,0.005056104198844375
226.20806407465895,411.2191166344407,2.500000000000001,0.004264394368532454
225.76844592415722,411.52395055660156,2.500000000000001,0.010908078527036383
225.32747971110285,411.82561796605074,2.500000000000001,0.013314981110571156
224.88512036590294,412.12401145715506,2.500000000000001,0.017214130597848046
224.44133060165058,412.41902686562014,2.500000000000001,0.022023579767923563
223.9960720095287,412.71056950475077,2.500000000000001,0.02129455357372835
223.54930705666888,412.9985446268506,2.500000000000001,0.016161710029286794
223.10100088513934,413.2828670733669,2.500000000000001,0.016884624379314275
222.6511213026368,413.563444911017,2.500000000000001,0.026985879308086786
222.1996336268306,413.8401978571569,2.500000000000001,0.03768208352401043
221.74650951297625,414.1130555652282,2.500000000000001,0.03846821127667458
221.2917213137958,414.3819440708709,2.500000000000001,0.02596525487061251
220.8352443870202,414.6467991168039,2.500000000000001,0.007823819053836362
220.37705585210426,414.9075570483369,2.500000000000001,0.001512909491358508
219.91713656115135,415.1641693547818,2.500000000000001,0.004066878831825424
219.45546936498928,415.41658973250793,2.500000000000001,0.018181902083802694
218.99203976467817,415.66477829819894,2.500000000000001,0.030902990063775736
218.52683398886353,415.9087038342471,2.500000000000001,0.033466213479762585
218.0598457684088,416.1483399193379,2.500000000000001,0.021254747413552027
217.5910687810679,416.3836668667178,2.500000000000001,0.0008487883188677155
217.12049955405706,416.6146719055537,2.500000000000001,0.010682146800673002
216.64813707759663,416.8413438640043,2.500000000000001,0.0026396996336021093
216.1739866248051,417.0636907352561,2.500000000000001,0.018527254827779
215.69804745468298,417.2817132752086,2.500000000000001,0.03926901242319832
215.22033104243465,417.49543029584584,2.500000000000001,0.05130222464031707
214.74085113865902,417.70487196963154,2.500000000000001,0.05247658190364191
214.25961773052836,417.91005378521925,2.500000000000001,0.04264801971096046
213.77664535578515,418.1110173044292,2.500000000000001,0.024813670542097963
213.2919561514505,418.3078045254858,2.500000000000001,0.008051562427295312
212.80557432202127,418.5004668359118,2.500000000000001,0.0010767841852947903
212.31752068701812,418.6890547225719,2.500000000000001,0.004301622916000889
211.8278216354886,418.8736233118519,2.500000000000001,0.015202960464826262
211.33650592075722,419.0542423130036,2.500000000000001,0.030421046178454782
210.84360410219318,419.2309823687077,2.500000000000001,0.03931338600222207
210.34914846708295,419.40391869284565,2.500000000000001,0.032373556372870316
209.8531701118214,419.57312747959185,2.500000000000001,0.014969077846427802
209.35570738723172,419.738700669794,2.500000000000001,0.001444950246308415
208.8567961998637,419.90072000148746,2.500000000000001,0.002717408425185274
208.3564731664559,420.05927363527076,2.500000000000001,0.001810601307410368
207.85477797576826,420.21444912298256,2.500000000000001,0.0037343967094955856
207.35174446721305,420.3663370146796,2.500000000000001,0.016514316393486526
206.84740710754016,420.5150246728996,2.500000000000001,0.029957635172279163
206.3418056658997,420.6606056943253,2.500000000000001,0.031066178384670632
205.83497828973051,420.80317113626876,2.500000000000001,0.015480272956838128
205.3269534301743,420.9427996304242,2.500000000000001,0.008595909778848438
204.8177674983315,421.07958311932003,2.500000000000001,0.025409222841745637
204.3074543131788,421.2135997564389,2.500000000000001,0.02019047145811467
203.7960398980174,421.3449149183004,2.500000000000001,0.0036689689269403703
203.28355149249992,421.4736020320457,2.500000000000001,0.023662983453991027
202.7700139031261,421.599724676346,2.500000000000001,0.025376067545498652
202.25544680959348,421.7233369975749,2.500000000000001,0.014666002580115479
201.73987289827528,421.8444936818207,2.500000000000001,0.0021912682202396335
201.2233113368168,421.9632415306366,2.500000000000001,0.00679653670049441
200.70577021958493,422.0796098908174,2.500000000000001,0.008983110903918092
200.18726386252504,422.19363217843295,2.500000000000001,0.0024610435525796014
199.66780046911924,422.30533041197305,2.500000000000001,0.007213255593490759
199.1473855466638,422.4147194923573,2.500000000000001,0.009865425605487393
198.62602450945877,422.5218106493138,2.500000000000001,0.0030795872347239026
198.10371469487467,422.6266012484042,2.500000000000001,0.006026136296458768
197.5804544362747,422.72908652107225,2.500000000000001,0.010124393482100657
197.05623995110682,422.82925584710426,2.500000000000001,0.006330791678715364
196.5310631042245,422.9270901031005,2.500000000000001,0.005797878207973014
196.004919786432,423.02257277353334,2.500000000000001,0.023294164068182247
195.47780135417455,423.1156791383748,2.500000000000001,0.03647664055148198
194.94969817584587,423.20638118553836,2.500000000000001,0.03580400400208052
194.42059993459952,423.2946483325945,2.500000000000001,0.02277198295508975
193.8904982733961,423.38045152182116,2.500000000000001,0.0065283838198934305
193.35937943429474,423.4637531251243,2.500000000000001,0.005545949569389878
192.82723065224639,423.5445160486828,2.500000000000001,0.00957066433677437
192.29404477810758,423.62271111610994,2.500000000000001,0.004068552596872522
191.75981242158016,423.69830587753836,2.500000000000001,0.008550798983293782
191.2245273416813,423.77127321338884,2.500000000000001,0.021311750013292097
190.68817974633637,423.84158066385294,2.500000000000001,0.027854322464532448
190.15076416809654,423.9092032816957,2.500000000000001,0.026385704595083572
189.61227677945453,423.97411970178933,2.500000000000001,0.018399613454361783
189.07271354859506,424.0363091702772,2.500000000000001,0.008259475738466983
188.53207699814337,424.09576357297533,2.500000000000001,0.0009002241228533846
187.9903691777758,424.1524753308712,2.500000000000001,0.0014790201787695343
187.44759628175302,424.2064460557818,2.500000000000001,0.0023604064655853648
186.90376252122118,424.2576751314206,2.500000000000001,0.013416426468759705
186.3588770056835,424.3061726848508,2.500000000000001,0.02619238552983804
185.81294935234402,424.3519567980878,2.500000000000001,0.029899840046243444
185.2659955811109,424.39505114270867,2.500000000000001,0.021644345286522353
184.71803173451138,424.43548542885134,2.500000000000001,0.008983416239117501
184.16907617724038,424.47329620036396,2.500000000000001,0.0005242323942253224
183.61914949640425,424.50852682638276,2.500000000000001,0.004689650883302035
183.06827596583148,424.5412311971624,2.500000000000001,0.003703311385247486
182.51647820711537,424.5714614090189,2.500000000000001,0.0019191795128785643
181.9637828744299,424.5992808200124,2.500000000000001,0.010129528305841547
181.41021828629258,424.62475896500223,2.500000000000001,0.017619105743642373
180.85581425157835,424.6479713214455,2.500000000000001,0.02150578796746956
180.3006005263622,424.668995191064,2.500000000000001,0.020436858915164124
179.74461110802258,424.6879218531031,2.500000000000001,0.015670957783033006
179.18787917901668,424.7048425759218,2.500000000000001,0.010075835220594874
178.6304386964251,424.719853248264,2.500000000000001,0.005349191880813654
178.07232530954337,424.73305783546397,2.500000000000001,0.0017440775866308805
177.5135723506993,424.74455516184054,2.500000000000001,0.0007779119983908621
176.95421485994376,424.75445221463343,2.500000000000001,0.0022321244322336393
176.39428667087617,424.76285463225884,2.500000000000001,0.0026530852007097608
175.8338237782535,424.76987899600573,2.500000000000001,0.0022979301666498884
175.27286031090603,424.77563838917877,2.500000000000001,0.001655536044120016
174.7114297870689,424.78024168540566,2.500000000000001,0.00105862985795563
174.14956495474345,424.7838074936322,2.500000000000001,0.0005772031381173743
173.58729859068836,424.78645436908386,2.500000000000001,0.00021207890047456534
173.02466017366902,424.78829149401093,2.500000000000001,3.63332264739573e-05
172.46167843776047,424.7894281600466,2.500000000000001,0.0001705205145320522
171.89838275785024,424.7899810526084,2.500000000000001,0.0002143582961165205
171.33480098662136,424.79006366045877,2.500000000000001,0.00021564404559695283
170.7709563547185,424.7897742724493,2.500000000000001,0.0002088956676169138
170.20687420364735,424.789222435875,2.500000000000001,0.0002021194589192475
169.64257799330738,424.7885132820136,2.500000000000001,0.00019534530971015252
169.07808754113177,424.7877393217738,2.500000000000001,0.00018857315806143475
168.513422436155,424.78699403661415,2.500000000000001,0.0001818029417805603
167.94859989410892,424.7863622746038,2.500000000000001,0.00017503459868006463
167.3836384836704,424.78593678351626,2.500000000000001,0.00016826806653655126
166.81855228205532,424.78579072298817,2.500000000000001,0.0001615032829607666
166.2533542486315,424.78599260025953,2.500000000000001,0.0001547401854008361
165.68805898819846,424.7866175194111,2.500000000000001,0.00014797871145630126
165.12267670907116,424.78771968603286,2.500000000000001,0.00014121879879252434
164.55721677839344,424.7893472519058,2.500000000000001,0.00013446038469989028
163.9916893872507,424.79154961776464,2.500000000000001,0.00012770340623041826
163.42610353217512,424.7943668755328,2.500000000000001,0.00012094780077789764
162.86046437478348,424.7978177257819,2.500000000000001,0.00011419350568150025
162.2947794675373,424.80192611722106,2.500000000000001,0.00010744045800714317
161.72905443354972,424.8067016071354,2.500000000000001,0.0001006885948613434
161.16329493470363,424.8121483015982,2.500000000000001,9.393785330558729e-05
160.5975042988818,424.81825156039343,2.500000000000001,8.718817035947594e-05
160.03168634742377,424.82499201526014,2.500000000000001,8.043948295961418e-05
159.46584375462749,424.83233625181526,2.500000000000001,7.369172809573892e-05
158.89998078543744,424.8402540329309,2.500000000000001,6.694484268075386e-05
158.33409908549842,424.8486911359015,2.500000000000001,6.0202691325720944e-05
157.76820012409027,424.85758521576935,2.500000000000001,5.3508142422301197e-05
157.2022866319354,424.8668740601104,2.500000000000001,4.6953651135360165e-05
156.63636022599664,424.8764819409738,2.500000000000001,4.061126890360396e-05
156.07042282621143,424.8863296829528,2.500000000000001,3.449968850150033e-05
155.50447496443124,424.89632240395247,2.500000000000001,2.861899783295481e-05
154.9385177673223,424.9063702219879,2.500000000000001,2.296912674504147e-05
154.37255221312077,424.9163697060375,2.500000000000001,1.755001071702165e-05
153.80657873046414,424.92621440028546,2.500000000000001,1.2361590919368656e-05
153.240598605592,424.93580535508727,2.500000000000001,7.4038138287109765e-06
152.6746125107256,424.94503827290686,2.500000000000001,2.6766311530056516e-06
152.10862107494177,424.9538104066966,2.500000000000001,1.820000332693098e-06
151.54262518286066,424.96202623752157,2.500000000000001,6.0861193945031425e-06
150.97662491927355,424.96958582351726,2.500000000000001,1.0121759927890302e-05
150.41062080682514,424.97640073248857,2.500000000000001,1.3926951344607431e-05
149.84461331038847,424.98239022102206,2.500000000000001,1.7501719314722675e-05
149.2786026401194,424.9874785826348,2.500000000000001,2.0846085533122485e-05
148.71258963485585,424.99161377185726,2.500000000000001,2.3960067663499086e-05
148.14657415755187,424.99473679054034,2.500000000000001,2.6843680080755332e-05
147.58055683036008,424.99681565157687,2.500000000000001,2.949693377098309e-05
147.0145379781811,424.9978263552783,2.500000000000001,3.19198366305758e-05
146.44851790804563,424.9977587523275,2.500000000000001,3.4112393898374125e-05
145.88249698200525,424.9966209201015,2.500000000000001,3.60746079225438e-05
145.31647531750372,424.9944259628847,2.500000000000001,3.7806478637010983e-05
144.75045317486124,424.9912062817888,2.500000000000001,3.9308003550213296e-05
144.184430787485,424.9870078377465,2.500000000000001,4.0579178354484006e-05
143.61840836524922,424.98188954539825,2.500000000000001,4.16199971361408e-05
143.05238611766313,424.9759183680666,2.500000000000001,4.2430451920360724e-05
142.48636418906744,424.96918156859124,2.500000000000001,4.301053332465812e-05
141.92034273749033,424.9617710899184,2.500000000000001,4.336023116794982e-05
141.35432190757467,424.9537916853347,2.500000000000001,4.347953423670887e-05
140.7883018461426,424.9453462446424,2.500000000000001,4.3368430006665883e-05
140.22228267883895,424.9365487481163,2.500000000000001,4.302690569499882e-05
139.6562645226877,424.9275173766833,2.500000000000001,4.2454948469670774e-05
139.0902474864266,424.91837295529547,2.500000000000001,4.165254503765262e-05
138.52423167092365,424.90923740388376,2.500000000000001,4.0623609585190275e-05
137.9582171626942,424.90022813039025,2.500000000000001,3.941105967778442e-05
137.3922040573567,424.89146982397733,2.500000000000001,3.810741151624622e-05
136.82619244041425,424.883082709489,2.500000000000001,3.6784794925412596e-05
136.26018237757742,424.87517334774265,2.500000000000001,3.5461984606225875e-05
135.69417393742845,424.8678478978643,2.500000000000001,3.4139145094372755e-05
135.12816718340997,424.8612057019851,2.500000000000001,3.281627654032917e-05
134.56216217418802,424.85533834594185,2.500000000000001,3.149337909372568e-05
133.99615896393763,424.85032884621126,2.500000000000001,3.0170453169547736e-05
133.43015760255628,424.84625096419273,2.500000000000001,2.8847499004552316e-05
132.86415813580996,424.843168646788,2.500000000000001,2.752451679039304e-05
132.29816060542055,424.84113559053066,2.500000000000001,2.6201506851080165e-05
131.73216504910255,424.8401949253149,2.500000000000001,2.4878469199423727e-05
131.16617150055936,424.84037901301696,2.500000000000001,2.3555404158126546e-05
130.6001799894487,424.84170935595347,2.500000000000001,2.223231218233158e-05
130.03419054132857,424.8441966101302,2.500000000000001,2.0909193194283422e-05
129.46820317759392,424.8478406984585,2.500000000000001,1.9586047514931942e-05
128.9022179154139,424.85263101952955,2.500000000000001,1.8262875553431517e-05
128.3362347676802,424.8585467479751,2.500000000000001,1.693967736356126e-05
127.77025374297435,424.86555722284646,2.500000000000001,1.5616453264805064e-05
127.20427484556267,424.87362242071987,2.500000000000001,1.4293203398811108e-05
126.6382980754242,424.88269351029345,2.500000000000001,1.296992795120945e-05
126.072323428318,424.892713485059,2.500000000000001,1.1646627329060841e-05
125.50635089981526,424.9036125166522,2.500000000000001,1.0323301717323207e-05
124.94038047508245,424.9153231711837,2.500000000000001,8.99995134504045e-06
124.37441213842956,424.9277679797632,2.500000000000001,7.67657626352906e-06
123.8084458663302,424.9408697597701,2.500000000000001,6.353176701362742e-06
123.24248163960188,424.9545380961521,2.500000000000001,5.0297532418455775e-06
122.67651943287319,424.96868356671547,2.500000000000001,3.7063059801194707e-06
122.11055921816143,424.98321464960213,2.500000000000001,2.3828348781243753e-06
121.54460096516037,424.9980387351486,2.500000000000001,1.0593402969874621e-06
120.97864464151806,425.0130631369224,2.500000000000001,2.6417740221504385e-07
120.41269021308874,425.0281960872009,2.500000000000001,1.5877180358587774e-06
119.8467376285918,425.04334234820317,2.500000000000001,2.911281420312729e-06
119.28078687537514,425.0584239239053,2.500000000000001,4.234867416266274e-06
118.7148378983892,425.0733532020232,2.500000000000001,5.558475706851969e-06
118.14889065275217,425.0880510634549,2.500000000000001,6.882105975096815e-06
117.58294510067789,425.1024393733999,2.500000000000001,8.205758170085092e-06
117.01700138913824,425.11644946126614,2.500000000000001,9.529431930130674e-06
116.45105947387597,425.13002260324765,2.500000000000001,1.0853127026401078e-05
115.88511936697539,425.1431024962662,2.500000000000001,1.2176843318585298e-05
115.3191810844892,425.1556395801473,2.500000000000001,1.3500580577388143e-05
114.75324466178509,425.1675911215244,2.500000000000001,1.482433857314761e-05
114.18730987624718,425.1789265366548,2.500000000000001,1.6148116942704478e-05
113.62137700152518,425.1896128423545,2.500000000000001,1.747191554443918e-05
113.05544612073629,425.19962767330964,2.500000000000001,1.8795734103196917e-05
112.4895173441682,425.2089548863286,2.500000000000001,2.0119572387681823e-05
111.92359081459539,425.217584169328,2.500000000000001,2.1443430299270405e-05
111.35766671351197,425.22551058283494,2.500000000000001,2.2767307605708196e-05
110.79174554261593,425.2327287021637,2.500000000000001,2.4091203941064994e-05
110.22582739172255,425.23924648940755,2.500000000000001,2.5415118983202478e-05
109.65991262980984,425.2450714700041,2.500000000000001,2.673905271996642e-05
109.09400170698164,425.2502142193902,2.500000000000001,2.8063004961059123e-05
108.52809516846412,425.254687766718,2.500000000000001,2.9386975204887888e-05
107.96219367050008,425.2585070139078,2.500000000000001,3.071096330413151e-05
107.39629772737268,425.26169352748946,2.500000000000001,3.2034969155087134e-05
106.83040846189391,425.26426059745125,2.500000000000001,3.335899234265515e-05
106.26452695561278,425.2662301037257,2.500000000000001,3.468303271715488e-05
105.69865448152134,425.2676147680216,2.500000000000001,3.600709008367851e-05
105.13279252685217,425.2684322522301,2.500000000000001,3.733116420206683e-05
104.56694282136174,425.26869951606716,2.500000000000001,3.8655254786864446e-05
104.00110736635536,425.2684325808644,2.500000000000001,3.997936150728769e-05
103.43528846527433,425.2676463443618,2.500000000000001,4.130348429781624e-05
102.86948875551406,425.26635444362216,2.500000000000001,4.262762278128943e-05
102.30371124104857,425.2645691620754,2.500000000000001,4.3951776668239135e-05
101.73795932536402,425.2623013759782,2.500000000000001,4.5275945978741774e-05
101.17223684411451,425.25956053515904,2.500000000000001,4.660013033237349e-05
100.60654838406815,425.2563493270425,2.500000000000001,4.7924329214437663e-05
100.04089825114625,425.2526834754636,2.500000000000001,4.9248542552804055e-05
99.47529198628463,425.2485641246278,2.500000000000001,5.057277036287412e-05
98.90973546016832,425.24399522986005,2.500000000000001,5.189701221504545e-05
98.34423510995445,425.2389795635577,2.500000000000001,5.322126750090944e-05
97.77879794547736,425.2335188196443,2.500000000000001,5.454553645389172e-05
97.21343163786933,425.2276083666642,2.500000000000001,5.586981886232116e-05
96.64814421286897,425.2212517640501,2.500000000000001,5.719411389183885e-05
96.08294435747133,425.2144529098273,2.500000000000001,5.851842168296926e-05
95.51784158760829,425.2072004166236,2.500000000000001,5.984274206416801e-05
94.9528457167913,425.1994954662354,2.500000000000001,6.116707464046416e-05
94.38796710406051,425.19133462714564,2.500000000000001,6.249141919289963e-05
93.82321655137858,425.1827140750846,2.500000000000001,6.381577536787253e-05
93.25860525505665,425.1736297078803,2.500000000000001,6.514014289890768e-05
92.69414445287893,425.1640826263069,2.500000000000001,6.646452142915745e-05
92.12984610114947,425.1540648604619,2.500000000000001,6.778891086637868e-05
91.56572236082872,425.14356742577064,2.500000000000001,6.899311339580422e-05
91.00178496857309,425.13259083181134,2.500000000000001,6.38470669278678e-05
90.43804581555257,425.1211320060205,2.500000000000001,3.160841158827264e-05
89.87451635090824,425.10919387882734,2.500000000000001,5.1668248042979006e-05
89.31120819220045,425.09677110391254,2.500000000000001,0.00019595006387185666
88.74813233494001,425.08386343681246,2.500000000000001,0.0004018443917892806
88.18529951674769,425.070466426581,2.500000000000001,0.0006692165118673447
87.62271934419003,425.05658593481775,2.500000000000001,0.0009978384430693295
87.0604008621371,425.0422249517734,2.500000000000001,0.0013873644368306147
86.49835194522223,425.0273889487115,2.500000000000001,0.0018114175696245852
85.93657997131253,425.01208467998356,2.500000000000001,0.0016894263012441075
85.3750910168256,424.9963189027392,2.500000000000001,0.0005508023676952065
84.81389026275482,424.98009418329406,2.500000000000001,0.006454811396540444
84.25298119575022,424.96342316234956,2.500000000000001,0.015959750724425608
83.69236598905376,424.94632045197824,2.500000000000001,0.02495789302450918
83.1320459348768,424.92879204267837,2.500000000000001,0.026065561801859066
82.57202080047868,424.91084827147677,2.500000000000001,0.017282699565556572
82.01228902861888,424.8924994470801,2.500000000000001,0.006478937045481816
81.45284775894085,424.8737555531282,2.500000000000001,0.0010583941729546075
80.89369286668114,424.85462595236953,2.500000000000001,5.997790196966681e-06
80.334819019178,424.8351191035766,2.500000000000001,0.00010379222347861427
79.7762197528079,424.81524230609057,2.500000000000001,0.000176681080764571
79.21788757195817,424.79500148798144,2.500000000000001,0.00023419138962113933
78.65981515074748,424.7743958039407,2.500000000000001,0.0002763239863827137
78.10199265878909,424.75343171356036,2.500000000000001,0.0003030843414536111
77.54441024401703,424.732109900521,2.500000000000001,0.00031448112312948434
76.9870574608696,424.71042932541116,2.500000000000001,0.00031052476044983007
76.42992341451715,424.688387329938,2.500000000000001,0.0002912260039869521
75.87299538491685,424.6659849334172,2.500000000000001,0.0002565944845539248
75.31626311437087,424.6432131813294,2.500000000000001,0.00020663726879684738
74.75971522047062,424.6200661066457,2.500000000000001,0.00014135741381724934
74.20334050588319,424.5965371632275,2.500000000000001,6.110455785318193e-05
73.64712807444099,424.5726196355538,2.500000000000001,2.796975123989145e-05
73.09106747737104,424.5483070335878,2.500000000000001,0.00011031446143098294
72.53514888640817,424.523593484721,2.500000000000001,0.000171765463917493
71.97936582452735,424.498469424334,2.500000000000001,0.00020791421265634066
71.42370578902393,424.47293930025364,2.500000000000001,0.00022522471825892738
70.86816372114254,424.44699754114185,2.500000000000001,0.0002456349686065715
70.31273689139205,424.42063954260806,2.500000000000001,0.0002944932095430729
69.75741899839879,424.3938701682424,2.500000000000001,0.00038239700798340786
69.20220758037347,424.36669261350767,2.500000000000001,0.0005101024919614721
68.6470985559395,424.3391157670312,2.500000000000001,0.0006776744289995005
68.09209565244947,424.3111427488479,2.500000000000001,0.0008852060389620976
67.53720601808891,424.28277690754163,2.500000000000001,0.0011328264434955753
66.98243302976303,424.2540284871708,2.500000000000001,0.00139310743596319
66.42778157996767,424.22490773315985,2.500000000000001,0.0010463291823691713
65.87327030630877,424.19541374673616,2.500000000000001,0.0015942158098593599
65.31891132109781,424.1655520028344,2.500000000000001,0.0081195638145719
64.76472336803283,424.1353215754136,2.500000000000001,0.01783350466612172
64.21072470293481,424.1047197148935,2.500000000000001,0.024907333877190956
63.65694523009965,424.0737321745021,2.500000000000001,0.019948950192044818
63.10342070978568,424.04233684422354,2.500000000000001,0.000995281698330039
62.55018417312258,424.0105076364446,2.500000000000001,0.01931589731367053
61.997277440352754,423.97820598691527,2.500000000000001,0.02548840245075861
61.44474806409428,423.94538180331847,2.500000000000001,0.017071846612913676
60.892649711548906,423.91197225718474,2.500000000000001,0.006446058116553653
60.3410425799553,423.87790065958177,2.500000000000001,0.0012809896000515663
59.78998901124407,423.8430778177904,2.500000000000001,0.0001133025132327893
59.23957158668209,423.80739234711626,2.500000000000001,0.0006444034229424801
58.68986391086949,423.7707247414317,2.500000000000001,0.0009196204346110793
58.140959399801744,423.7329325910637,2.500000000000001,0.0009397950897842895
57.59296092129622,423.6938598130122,2.500000000000001,0.0007053468197810859
57.045971759264106,423.6533278291112,2.500000000000001,0.00022896900634330848
56.50010765923663,423.6111442096666,2.500000000000001,0.0003792981892625147
55.95548850236331,423.5670976676136,2.500000000000001,0.0009008296877989017
55.41225149876665,423.52096566767085,2.500000000000001,0.0011783386726704568
54.870539279470925,423.4725062605279,2.500000000000001,0.0011755685318659461
54.33050848285642,423.42146042067196,2.500000000000001,0.0008979983384004698
53.79231643401431,423.3675590294879,2.500000000000001,0.0003608541995842144
53.25613296539729,423.310518590663,2.500000000000001,0.00042154169877809804
52.7221364338379,423.25004431657027,2.500000000000001,0.0014438275770448324
52.19051340639436,423.1858356795185,2.500000000000001,0.00260420947423859
51.66145324801336,423.11757276815104,2.500000000000001,0.003286616192339844
51.13516083187086,423.0449398859245,2.500000000000001,0.002459059746887855
50.611843650021754,422.9676128472273,2.500000000000001,0.0004929847868623549
50.091714816315815,422.88526446459,2.500000000000001,0.005482949268009562
49.5749920770101,422.797570485327,2.500000000000001,0.011954787920764131
49.06189719282538,422.70419820289663,2.500000000000001,0.01935738382796476
48.55265455372139,422.6048227487934,2.500000000000001,0.027557787552423812
48.0474901331772,422.49912358598067,2.500000000000001,0.036450101455608126
47.5466303109221,422.3867863839396,2.500000000000001,0.045271931822249464
47.050305757373955,422.2674987015579,2.500000000000001,0.053059656095916105
46.558736111278215,422.1409706820717,2.500000000000001,0.05886434455200573
46.07214154177693,422.0069170814461,2.500000000000001,0.05996041991430691
45.590732379723434,421.86506790019376,2.500000000000001,0.05384929032153084
45.11472113165795,421.7151645903286,2.500000000000001,0.04159917277699877
44.64430878965292,421.55696651127334,2.500000000000001,0.02605685989395127
44.17969195711025,421.390252789736,2.500000000000001,0.015544559245644319
43.72104888653931,421.2148160583348,2.500000000000001,0.021738889491958333
43.26854484809414,421.03047520786066,2.500000000000001,0.04228251711464177
42.82234060157919,420.83706670067977,2.500000000000001,0.05933148269298224
42.38258413067211,420.63444896635576,2.500000000000001,0.06367870282512482
41.94940003247119,420.4225073303471,2.500000000000001,0.06475757691775506
41.522900918357585,420.201145339897,2.500000000000001,0.06934169863008594
41.103177253418046,419.97030227777043,2.500000000000001,0.07242207046033926
40.690310803444625,419.7299336819553,2.500000000000001,0.07069011276336477
40.28436158037739,419.4800219105163,2.500000000000001,0.06940032527425201
39.88537128291845,419.2205746687351,2.500000000000001,0.07229849746529282
39.493368089485514,418.95162301866793,2.500000000000001,0.07434487320947376
39.10835309768581,418.67322633624883,2.500000000000001,0.07078799875611097
38.730307687951466,418.3854689076925,2.500000000000001,0.06652116947317942
38.35920848245607,418.088453828869,2.500000000000001,0.06788993404607935
37.995001926206825,417.7823120513255,2.500000000000001,0.07143780607717652
37.637616162049454,417.4671972245517,2.500000000000001,0.07012321846577992
37.286976274132805,417.1432785577245,2.500000000000001,0.06603149579466716
36.94297920669615,416.81075401112037,2.500000000000001,0.06631466193145005
36.60551168446664,416.4698250675357,2.500000000000001,0.06915997766292474
36.27444101796156,416.1207263682131,2.500000000000001,0.06587955185156102
35.94963086530334,415.76369904482254,2.500000000000001,0.057396572196464164
35.63092986802367,415.3989990247529,2.500000000000001,0.05456198003222697
35.3181818299074,415.02689199032596,2.500000000000001,0.05995896606059111
35.01121339619174,414.6476605333365,2.500000000000001,0.06437226503632955
34.70984814009761,414.2615844546803,2.500000000000001,0.05893196227768093
34.41390378857399,413.86895068240784,2.500000000000001,0.04227876214979079
34.12318839992799,413.47006503481896,2.500000000000001,0.021457604481966548
33.83752105897847,413.0652165486233,2.500000000000001,0.0067983588292106194
33.556706533185114,412.6547039781433,2.500000000000001,8.135086664837458e-05
33.28054809042974,412.2388251283125,2.500000000000001,0.0051419399814129985
33.0088584362726,411.8178717545068,2.500000000000001,0.006489717768634824
32.741448531458865,411.39212832998857,2.500000000000001,0.001975044757756858
32.47813689660334,410.9618810521533,2.500000000000001,0.015332990160231758
32.2187372155802,410.5274104272906,2.500000000000001,0.021227446225741794
31.963067032080716,410.0889797198297,2.500000000000001,0.013700356139629924
31.710962957796372,409.6468445480773,2.500000000000001,0.0004990761992341195
31.462254955441395,409.2012497306291,2.500000000000001,0.003257689508069828
31.21678287547886,408.75243741221084,2.500000000000001,0.008290620346753114
30.974388353544345,408.30063434322085,2.500000000000001,0.022413337743261555
30.734928703159746,407.84605778695527,2.500000000000001,0.021838427360072875
30.498264847673042,407.38890488545974,2.500000000000001,0.006449127565466689
30.26426992451243,406.9293650904476,2.500000000000001,0.0061642466042098
30.03281558075586,406.46761355766444,2.500000000000001,0.00410984788546877
29.80377884291008,406.0038227421038,2.500000000000001,0.002856093118944268
29.577052961479513,405.5381467086731,2.500000000000001,0.0011421304591571013
29.352538924221548,405.07073193662467,2.500000000000001,0.004135536475509675
29.130130599016816,404.60170762536,2.500000000000001,0.0012967546190740668
28.90974118295448,404.13119096251484,2.500000000000001,0.0048415441305738405
28.69129089094538,403.65929803397717,2.500000000000001,0.00144521020629155
28.474697138657213,403.18613165710485,2.500000000000001,0.007689896131292858
28.259887058491746,402.71178478585625,2.500000000000001,0.0060633183865715775
28.046788019114196,402.236342657179,2.500000000000001,0.00808921391197493
27.835341734689763,401.7598809422096,2.500000000000001,0.019730927430599912
27.625491063268647,401.28246834494195,2.500000000000001,0.020398312129859528
27.41718923407849,400.8041658097582,2.500000000000001,0.014743326237736925
27.210385370990245,400.3250287518746,2.500000000000001,0.007229197039931302
27.005036709706175,399.84510977167787,2.500000000000001,0.0016867693700279985
26.80110711602851,399.36444660932284,2.500000000000001,0.010916366753839606
26.598559170216152,398.88307729259617,2.500000000000001,0.0199294657535437
26.39736947123533,398.4010336421548,2.500000000000001,0.02542697028621
26.19751549108094,397.9183429753897,2.500000000000001,0.01783855217003954
25.99898619554123,397.4350236370893,2.500000000000001,0.003753490190067233
25.801763887969532,396.95109922261776,2.500000000000001,0.02272502333201599
25.605841528098424,396.4665837891685,2.500000000000001,0.025003665920681768
25.41121720254299,395.9814875725415,2.500000000000001,0.01410217514226876
25.217894237710098,395.49581714270283,2.500000000000001,0.0007195144907199508
25.02587590795564,395.0095758432036,2.500000000000001,0.006466170279373843
24.835179864018027,394.5227632367859,2.500000000000001,0.001885117145172725
24.645828268346232,394.0353792258884,2.500000000000001,0.012598681861812233
24.457845779122557,393.5474095249039,2.500000000000001,0.02597271616812132
24.27125407440231,393.05884972058624,2.500000000000001,0.02349077479696973
24.08608928021922,392.56969088829027,2.500000000000001,0.0013458120564661233
23.902398787972423,392.07991385634114,2.500000000000001,0.022137226743201455
23.720217500475293,391.58950224600744,2.500000000000001,0.02445500947405336
23.539600810463355,391.0984335948617,2.500000000000001,0.005359467306803555
23.36060390037469,390.6066903513866,2.500000000000001,0.016677608285306993
23.183272043703152,390.1142525995087,2.500000000000001,0.02272577771485147
23.007673813518988,389.62109137394725,2.500000000000001,0.007932478099726505
22.833876620108274,389.12717758130384,2.500000000000001,0.009336161278548038
22.661941137299937,388.6324896526784,2.500000000000001,0.0066304886411226146
22.491946799393823,388.13699513858904,2.500000000000001,0.012408827465013123
22.323962206490936,387.6406644869068,2.500000000000001,0.027019744744245972
22.158065205540495,387.1434649970922,2.500000000000001,0.029352883587012664
21.994327469326244,386.6453688528163,2.500000000000001,0.025820329579474853
21.832822209163663,386.14634702635715,2.500000000000001,0.017877019694215703
21.673625246894904,385.6463656530437,2.500000000000001,0.0019049237620602582
21.51681676026443,385.1453940419443,2.500000000000001,0.014851414057344579
21.362477309180875,384.6434019552306,2.500000000000001,0.018594467130306876
21.210676911367976,384.1403598125078,2.500000000000001,0.007610681566132057
21.06148771068488,383.63623891668595,2.500000000000001,0.009369211824105472
20.914982990286816,383.1310098595748,2.500000000000001,0.024986295251367762
20.771221130239827,382.62465044591835,2.500000000000001,0.032504327135111415
20.630273560703152,382.1171316719203,2.500000000000001,0.03020901999406606
20.49219471893709,381.6084327047506,2.500000000000001,0.027310558954783057
20.35703562636716,381.09853390556634,2.500000000000001,0.029959138969411776
20.224850645676106,380.5874135033506,2.500000000000001,0.030416230162464343
20.095684247071127,380.0750541192953,2.500000000000001,0.02110498061499968
19.969579209474304,379.56143869690914,2.500000000000001,0.0080482071301812
19.84656437905339,379.0465562212352,2.500000000000001,0.003140103957023171
19.72666756132918,378.5303956655613,2.500000000000001,0.011945550320163366
19.609901488859865,378.0129499227042,2.500000000000001,0.027712851950055586
19.496290382893157,377.4942103711267,2.500000000000001,0.033263204277976646
19.385843615618136,376.97417284706825,2.500000000000001,0.01740302482669465
19.27856472098684,376.4528353647277,2.500000000000001,0.010731671433987892
19.174451498055483,375.93019810343304,2.500000000000001,0.028851327100885844
19.073499971258357,375.4062617424748,2.500000000000001,0.020535517835996754
18.975692548934546,374.8810326984846,2.500000000000001,0.007371272578088054
18.881011577237302,374.35451723534493,2.500000000000001,0.028205211162212022
18.78943477065695,373.8267235539238,2.500000000000001,0.026261500640237335
18.700935585829917,373.29766167987543,2.500000000000001,0.011939317898079577
18.615489011446986,372.7673433409556,2.500000000000001,0.002951317724254834
18.533057574802,372.23578186922765,2.500000000000001,0.007616114188233299
18.45360499289285,371.70299212196795,2.500000000000001,0.02207591753438368
18.377092467083674,371.16899036294876,2.500000000000001,0.03251040680032682
18.303469973354602,370.6337957113695,2.500000000000001,0.028096453396593304
18.232703303476388,370.09742482905483,2.500000000000001,0.013414433178875007
18.164747857389084,369.55989752866924,2.500000000000001,0.0005379410528425564
18.099561682560612,369.021232998232,2.500000000000001,0.004050022292488828
18.037093366507946,368.48145463085655,2.500000000000001,0.00025269591422994624
17.977295571258882,367.9405845348889,2.500000000000001,0.012018595397064992
17.920121728416472,367.39864705490976,2.500000000000001,0.025424153148665907
17.865523790664703,366.85566349412983,2.500000000000001,0.030379904153657704
17.81345578615898,366.3116559236609,2.500000000000001,0.022686255100039136
17.763857098253006,365.7666505872111,2.500000000000001,0.010075590717932223
17.716676119729645,365.22067341146584,2.500000000000001,0.0021415333624557535
17.671864098818183,364.6737468925932,2.500000000000001,0.0003025471482033262
17.629365718533798,364.1258958178956,2.500000000000001,0.000917903306551868
17.58913279421809,363.5771434953998,2.500000000000001,0.0011521348951416277
17.551097214722496,363.0275167318324,2.500000000000001,0.001060832103076571
17.51519724865535,362.47704037976746,2.500000000000001,0.0006431857029285716
17.481362847234355,361.92573931569075,2.500000000000001,9.481434784939232e-05
17.44952603479301,361.37363989920493,2.500000000000001,0.0009430329051786522
17.419619872471408,360.82076514204743,2.500000000000001,0.001270100151506683
17.39157286425739,360.2671385389511,2.500000000000001,0.00040707294114354517
17.36530301967315,359.7127882001886,2.500000000000001,0.0016578029062714363
17.340729317211505,359.1577370534341,2.500000000000001,0.0031570496635254974
17.317765060099866,358.6020084001315,2.500000000000001,0.0008047001446149333
17.296317496580112,358.04563048074726,2.500000000000001,0.007523676921985198
17.276300716787773,357.4886261312434,2.500000000000001,0.019755011667378086
17.257621981033594,356.93102016498796,2.500000000000001,0.027991243220669454
17.240191120581702,356.37283584568337,2.500000000000001,0.024726041957641453
17.223914197831334,355.8140998811657,2.500000000000001,0.01318841976032523
17.20869332490516,355.2548368411884,2.500000000000001,0.0036734744784559137
17.194431951844944,354.69507266894004,2.500000000000001,0.0002955629119032867
17.181044182365813,354.1348300575324,2.500000000000001,0.00014232920833812075
17.168436779684058,353.574133138405,2.500000000000001,0.000193693205783693
17.1565295230312,353.0130063265712,2.500000000000001,0.00020567215062725975
17.145246770985263,352.45147230400636,2.500000000000001,0.00019583384958124183
17.134505845173685,351.8895575264122,2.500000000000001,0.00018049595114590593
17.12424937941534,351.3272841524863,2.500000000000001,0.0001650043401038613
17.114416484105725,350.76467353675514,2.500000000000001,0.00014951122774989326
17.10494898590503,350.2017498966967,2.500000000000001,0.00013401662455092314
17.095801333290986,349.6385352206356,2.500000000000001,0.00011852054047806585
17.086926524829146,349.0750515724386,2.500000000000001,0.0001030229850436056
17.078303262225273,348.51131869507225,2.500000000000001,8.75239673405803e-05
17.06991281222238,347.9473557963032,2.500000000000001,7.202349611007186e-05
17.06173114312933,347.3831848193377,2.500000000000001,5.652157978962221e-05
17.053760597399222,346.81882413923114,2.500000000000001,4.101822655817568e-05
17.045995940562772,346.2542915079379,2.500000000000001,2.5513444428496735e-05
17.038446026037807,345.68960358634376,2.500000000000001,1.0007241278938499e-05
17.03111081759441,345.1247774685316,2.500000000000001,5.5003751428809275e-06
17.02400901802165,344.55982993531666,2.500000000000001,2.1009397108240654e-05
17.017154997924674,343.99477724440214,2.500000000000001,3.651981683134256e-05
17.010575140693458,343.42963328439834,2.500000000000001,5.2031626476423625e-05
17.004302316126687,342.86441284865157,2.500000000000001,6.7544818087504e-05
16.99835314862903,342.2991301440818,2.500000000000001,8.305938352059258e-05
16.992750635873755,341.7337996333599,2.500000000000001,9.857531439538489e-05
16.987531239656192,341.1684329448752,2.500000000000001,0.0001140926020303425
16.9827120454349,340.60304331828945,2.500000000000001,0.00012959706146111445
16.978319986018725,340.03764556325,2.500000000000001,0.00014356579355921935
16.974386585722446,339.4722520163391,2.500000000000001,0.0001502039109033666
16.970937696608495,338.906876205151,2.500000000000001,0.00014212674669745052
16.96800795676656,338.3415326742008,2.500000000000001,0.00011592873694458717
16.965613771606414,337.7762356875271,2.500000000000001,7.130294134284793e-05
16.96377543562463,337.2109987973159,2.500000000000001,8.252069422283333e-06
16.96251802438067,336.64583919560323,2.500000000000001,7.321541234285407e-05
16.961877410110404,336.08077389715464,2.500000000000001,0.00017308357950274094
16.961876305534584,335.51581935268183,2.500000000000001,0.00029093997885387864
16.9625376409806,334.9509929294703,2.500000000000001,0.00041327050173986594
16.963899227913174,334.38631467520577,2.500000000000001,0.0004990087070950144
16.965993258411658,333.82180732171446,2.500000000000001,0.0005041008455476809
16.968851023968075,333.2574922155922,2.500000000000001,0.0004116081165553286
16.972501589490083,332.69339188776297,2.500000000000001,0.00022072248708318403
16.976995233371962,332.1295319808799,2.500000000000001,6.855615531851246e-05
16.982381786408776,331.56594017708824,2.500000000000001,0.0004555875978884933
16.988706109428414,331.00264333152876,2.500000000000001,0.0008999010076063871
16.996015848920862,330.43966964051106,2.500000000000001,0.00126624379524997
17.004375741632746,329.8770504003368,2.500000000000001,0.0013980448728053711
17.013846512560747,329.31481923547835,2.500000000000001,0.0012292347292473956
17.024485037318318,328.7530087197225,2.500000000000001,0.000754465598825715
17.036359661297194,328.1916516317805,2.500000000000001,2.656340933111774e-05
17.04955466908303,327.6307856393971,2.500000000000001,0.0011111184409079175
17.064135344597688,327.07044632746937,2.500000000000001,0.0023543491934983132
17.0801695117054,326.51066983555324,2.500000000000001,0.0032367819596501946
17.09774922005728,325.95149430796454,2.500000000000001,0.0031250397692616917
17.116954784950444,325.39295953556416,2.500000000000001,0.0017451165980140752
17.137859945248785,324.83510304288785,2.500000000000001,0.0009218853737943149
17.16055093514096,324.2779612223726,2.500000000000001,0.004890060066425054
17.185113344326528,323.7215749363722,2.500000000000001,0.010200563319533886
17.211624669459443,323.165980736262,2.500000000000001,0.016415234535477025
17.24015995919938,322.6112142379372,2.500000000000001,0.021496348564546124
17.27079720645899,322.0573125805018,2.500000000000001,0.022529133444503174
17.30361728337849,321.504310490731,2.500000000000001,0.017869139405656168
17.338692935010833,320.9522414668071,2.500000000000001,0.007925872964190365
17.376093606038857,320.4011373864818,2.500000000000001,0.0022056563423194504
17.41589006640678,319.85102985565334,2.500000000000001,0.004164917808546307
17.458144193341784,319.3019458954597,2.500000000000001,0.004981179586874432
17.502902860363044,318.75390993926885,2.500000000000001,0.02020470996637064
17.55021782389269,318.20694669802964,2.500000000000001,0.03137109760222029
17.600140654928715,317.66107715870714,2.500000000000001,0.02916036415151663
17.6527170075946,317.11632131525266,2.500000000000001,0.015401746585022824
17.707977879548654,316.5726936698859,2.500000000000001,0.0016007618554359298
17.765951982009593,316.0302070210819,2.500000000000001,0.004319850953675461
17.82665652564977,315.4888695088193,2.500000000000001,0.0010787875475315191
17.890115856931576,314.94869087981783,2.500000000000001,0.01037143875795947
17.956330000823854,314.4096719690029,2.500000000000001,0.02540533731121543
18.025304761952658,313.87181469928106,2.500000000000001,0.03387444760088827
18.09703522381638,313.33511665710665,2.500000000000001,0.027991139040629984
18.171509652196207,312.7995724138711,2.500000000000001,0.012387406178696107
18.24871453479785,312.2651755733988,2.500000000000001,0.001067727587270799
18.328621193225562,311.73191365770117,2.500000000000001,0.005855142129540948
18.411202437002174,311.1997728405112,2.500000000000001,0.0012636171345014823
18.496415662058286,310.6687366688807,2.500000000000001,0.01167246802237042
18.584212716248036,310.1387839901665,2.500000000000001,0.027094933060161964
18.674548069626077,309.60989516972666,2.500000000000001,0.03377557086009356
18.7673672157345,309.08204676838517,2.500000000000001,0.025900364821857313
18.862615554571914,308.55521598463775,2.500000000000001,0.010955424448423318
18.96022605963778,308.02937419651687,2.500000000000001,0.0005687029538808616
19.06013162343498,307.5044932134872,2.500000000000001,0.0007504308357266579
19.162257344338293,306.9805410819007,2.500000000000001,0.006258795508642529
19.266533795564346,306.45748949141245,2.500000000000001,0.0193240484233373
19.372882131657157,305.9353075485157,2.500000000000001,0.03077020574679941
19.481236123675227,305.41396697910045,2.500000000000001,0.028698267603999888
19.591516205361994,304.89343472076274,2.500000000000001,0.010059761820452947
19.70364684332948,304.37368017915907,2.500000000000001,0.013883472748482128
19.8175534729922,303.85467041312234,2.500000000000001,0.028904363589429896
19.93316203041444,303.33637854967816,2.500000000000001,0.02825767496856441
20.050403253976516,302.8187766690705,2.500000000000001,0.013517973268504846
20.169215757768562,302.30184162244274,2.500000000000001,0.009085794688509155
20.289535181784174,301.78554665655037,2.500000000000001,0.02912337175850075
20.411305576002356,301.2698694958246,2.500000000000001,0.0340196224343945
20.53447265002064,300.7547902121311,2.500000000000001,0.01846756531114558
20.65899770744726,300.2402914891073,2.500000000000001,0.011005272737604281
20.78483958976772,299.7263555941977,2.500000000000001,0.03636452879319034
20.911976097879933,299.2129733198133,2.500000000000001,0.037966428048153145
21.04038061368521,298.70013610864265,2.500000000000001,0.0140410858660974
21.170040229484933,298.18783864744813,2.500000000000001,0.01911467641753439
21.300954972086203,297.6760823076435,2.500000000000001,0.040248442592087465
21.433122489315178,297.1648664058491,2.500000000000001,0.03420739233597294
21.566561945931504,296.65419628393715,2.500000000000001,0.0052619043502463245
21.701292185224275,296.14407754547904,2.500000000000001,0.023662586995697572
21.837356672677924,295.63452843486186,2.500000000000001,0.03005794828941593
21.97478851182407,295.1255625074466,2.500000000000001,0.009307369839592277
22.113634119067843,294.61719608178436,2.500000000000001,0.0194919675210667
22.253955709188574,294.1094546356578,2.500000000000001,0.031074915096083452
22.395816530395074,293.6023644344129,2.500000000000001,0.021138163448210102
22.53929692826063,293.09595491737616,2.500000000000001,0.00417688671460709
22.6844878568876,292.59026174272566,2.500000000000001,0.008000517604544231
22.831470953800313,292.08531801444576,2.500000000000001,0.010449007950001758
22.980338664379033,291.581158901708,2.500000000000001,0.0037227623350979656
23.13120110850126,291.0778305275777,2.500000000000001,0.00437433768002357
23.28416297034846,290.575373566307,2.500000000000001,0.0074901664395582625
23.43932843369733,290.07382999530205,2.500000000000001,0.007804544251585552
23.596822350553285,289.573248978676,2.500000000000001,0.009931137808291454
23.75676410573901,289.0736787435314,2.500000000000001,0.013046561888776554
23.919275559028435,288.57516869080473,2.500000000000001,0.010076898985330813
24.084488960047644,288.0777719947312,2.500000000000001,0.0009480009458196847
24.252520497907046,287.5815371639325,2.500000000000001,0.006556778564657916
24.42349521724634,287.0865153813015,2.500000000000001,0.005710279011424979
24.597532670111317,286.5927550940273,2.500000000000001,0.025208273354714313
24.77475931817062,286.10031081917606,2.500000000000001,0.02978389222886542
24.955296628130018,285.6092305536092,2.500000000000001,0.014527311647284515
25.139261020625412,285.1195626611253,2.500000000000001,0.0035111445587125254
25.326759965016617,284.6313514113986,2.500000000000001,0.009734077620446912
25.51790793092381,284.1446436001915,2.500000000000001,0.0061272323068788164
25.71280048108777,283.6594806937744,2.500000000000001,0.0019519898090540608
25.911536217250056,283.1759040792194,2.500000000000001,0.013804310792634862
26.114197515154967,282.693947883409,2.500000000000001,0.02927009825388326
26.3208575872943,282.21364373019907,2.500000000000001,0.044276945312365625
26.531589142757372,281.7350205452263,2.500000000000001,0.0505479974069313
26.74644440680872,281.2581000097741,2.500000000000001,0.042603641035152656
26.96547685223344,280.7829033997549,2.500000000000001,0.02417014139722915
27.188715196233844,280.3094437718408,2.500000000000001,0.009665380036938525
27.416180708702484,279.83772966026226,2.500000000000001,0.012967796597015593
27.64788133412719,279.36776394652094,2.500000000000001,0.029778401881221765
27.88380713071001,278.8995428726569,2.500000000000001,0.042265493562622006
28.123942854762653,278.43305825926524,2.500000000000001,0.039488875579050835
28.36825844900187,277.9682966317626,2.500000000000001,0.024562343085589595
28.616700471255676,277.50523513596613,2.500000000000001,0.011336588406072153
28.869208358625603,277.0438469699588,2.500000000000001,0.013306371256407658
29.125692513675844,276.58409544519964,2.500000000000001,0.027663435468581007
29.386062195899076,276.1259415562224,2.500000000000001,0.03886286234827951
29.650207750911996,275.6693388943024,2.500000000000001,0.036776788377579986
29.918000766693908,275.2142339541865,2.500000000000001,0.023545836322063415
30.18930731185908,274.76056961053945,2.500000000000001,0.01142400578054119
30.463983510280148,274.30828439496395,2.500000000000001,0.013047939357168518
30.741854616738376,273.85730649708876,2.500000000000001,0.026450042856312146
31.022738263163376,273.4075606854223,2.500000000000001,0.036781190764862456
31.306443745071764,272.9589679588344,2.500000000000001,0.032441115144612905
31.59277686962971,272.51144657757305,2.500000000000001,0.013643596726813367
31.881525328814064,272.0649092176002,2.500000000000001,0.0058403587549325136
32.17245971130696,271.6192627801664,2.500000000000001,0.009756640020293092
32.46534979314118,271.1744126533387,2.500000000000001,0.0017855853890801035
32.759965384358246,270.7302637618314,2.500000000000001,1.1905921970267118e-07
33.05606229893324,270.2867162297903,2.500000000000001,0.005320558974027871
33.35338325993638,269.8436664663198,2.500000000000001,0.00124412818976562
33.6516795203461,269.4010125352729,2.500000000000001,0.014318187700006346
33.950697935370854,268.958650825176,2.500000000000001,0.021674392448393205
34.250174289862194,268.51647507905454,2.500000000000001,0.011792451993687843
34.54983942769627,268.07437779221425,2.500000000000001,0.0004931215396254129
34.849442266374474,267.6322555184876,2.500000000000001,0.002800473586494849
35.148733043159105,267.1900056091404,2.500000000000001,0.0007040196454943883
35.44744273944492,266.74752092553354,2.500000000000001,0.0025411492170446634
35.74531855092904,266.3046990745849,2.500000000000001,0.0003261545357532611
36.04211982549036,265.8614409115263,2.500000000000001,0.0086676407612474
36.337603688225755,265.41764736079716,2.500000000000001,0.018760142899265808
36.63152606196628,264.97322011508413,2.500000000000001,0.022563918925293615
36.92366325317456,264.5280669760149,2.500000000000001,0.018883692680354825
37.21379885541733,264.082098727607,2.500000000000001,0.016180163607734808
37.50171307630997,263.6352260868541,2.500000000000001,0.01826650789414415
37.78720488435681,263.1873666903595,2.500000000000001,0.018849144433119462
38.07009185894759,262.7384433813154,2.500000000000001,0.014534373920602101
38.35019009295831,262.28838038333106,2.500000000000001,0.012953800759977912
38.627332746226806,261.8371079567339,2.500000000000001,0.020789563868020857
38.901365325247625,261.3845612141083,2.500000000000001,0.032843330639051524
39.17215132984723,260.93068096079156,2.500000000000001,0.038857371462978164
39.439554293162786,260.475410709523,2.500000000000001,0.03411023462434823
39.70346380423307,260.0187024561639,2.500000000000001,0.022526984289695177
39.963781603693874,259.56051322585205,2.500000000000001,0.014235852059455817
40.220408611321226,259.100802181086,2.500000000000001,0.015377063642574709
40.47327819583333,258.6395368060129,2.500000000000001,0.018796273983337403
40.722313978643186,258.17668651979983,2.500000000000001,0.01528950496838071
40.9674737122033,257.71222995950416,2.500000000000001,0.010110156066880685
41.208717748049615,257.24614868668795,2.500000000000001,0.012841023701948388
41.44602147172927,256.7784302290303,2.500000000000001,0.020104162881168182
41.67936345740767,256.3090626243555,2.500000000000001,0.024586815290563106
41.908740453375515,255.83804323538783,2.500000000000001,0.02596153930398838
42.134148442255906,255.36536905130123,2.500000000000001,0.021986029464896004
42.35559116285672,254.89104195741436,2.500000000000001,0.01008411421282232
42.57309390936111,254.41506766966003,2.500000000000001,0.0022666163201950835
42.78667115630851,253.9374525114897,2.500000000000001,0.004273804219375923
42.9963500164271,253.45820840607027,2.500000000000001,0.004684467746834985
43.20216617030046,252.97734804987638,2.500000000000001,0.014166425835706495
43.404154791532655,252.49488567510664,2.500000000000001,0.01785906982493958
43.6023628434462,252.01083875069176,2.500000000000001,0.022329261251738074
43.79682177240883,251.52522169121715,2.500000000000001,0.03267383063649664
43.98757316848496,251.03805207057,2.500000000000001,0.04190594361968808
44.174655619197374,250.54934604713662,2.500000000000001,0.04077858099202896
44.358115936667296,250.0591242877388,2.500000000000001,0.026133572557639918
44.53799583698409,249.56740519220824,2.500000000000001,0.003940568161925523
44.71433452984505,249.07420912286014,2.500000000000001,0.010404235733556599
44.88717662175758,248.57955167532393,2.500000000000001,0.0047897306254641855
45.0565567317818,248.08345072575054,2.500000000000001,0.014134963137875716
45.22250861804702,247.58592147064303,2.500000000000001,0.02868217347493381
45.385072258354256,247.08698346595332,2.500000000000001,0.03211143618787588
45.54428158286736,246.5866529869249,2.500000000000001,0.031282978327047295
45.70017248023891,246.08494806808744,2.500000000000001,0.029745750249287498
45.85277188216028,245.5818810445344,2.500000000000001,0.019754080282944685
46.0021098436075,245.07746664975815,2.500000000000001,0.002397740089748753
46.148212057077416,244.57171656485374,2.500000000000001,0.023467131888537506
46.291110706144394,244.064647400927,2.500000000000001,0.02603956977241894
46.43083306827725,243.55627217966898,2.500000000000001,0.008079550301259652
46.56740608185337,243.04660347142357,2.500000000000001,0.01675584209246633
46.70085650590233,242.53565338561057,2.500000000000001,0.03276149210978141
46.8312143248326,242.02343608469963,2.500000000000001,0.03384119185804039
46.958502441913694,241.50995977504448,2.500000000000001,0.027883674432270016
47.082748372054354,240.9952355000711,2.500000000000001,0.02427698374525261
47.20398009269535,240.4792739121973,2.500000000000001,0.01817543422182432
47.32222292094597,239.96208273668944,2.500000000000001,0.0017172217842762482
47.43751013809617,239.4436748907296,2.500000000000001,0.017649100902321038
47.54987162694683,238.92405974141462,2.500000000000001,0.025663200867983498
47.65934136734602,238.40324886793834,2.500000000000001,0.01807401377796032
47.76594383322674,237.88124523191976,2.500000000000001,0.0007815483775749357
47.86971561595367,237.35806046224644,2.500000000000001,0.016773368431265888
47.97069309950902,236.83370508526795,2.500000000000001,0.02703157073311644
48.068906248434985,236.30818358854094,2.500000000000001,0.028401290644229294
48.164389823095824,235.7815034702935,2.500000000000001,0.022643757768151723
48.25717910776075,235.2536719417122,2.500000000000001,0.013226044119204501
48.34730650597811,234.72469351772983,2.500000000000001,0.004610103285943252
48.43481201610339,234.19457800638196,2.500000000000001,0.0009298404255483451
48.5197349292542,233.66333424357816,2.500000000000001,0.003133570494177153
48.60210391003343,233.13096327753996,2.500000000000001,0.0018612788068540131
48.681959372621485,232.5974746166825,2.500000000000001,0.0041088717850923245
48.75934067042534,232.06287704278478,2.500000000000001,0.015891331042925436
48.83427941428312,231.52717436209926,2.500000000000001,0.028316298531849603
48.90681134489893,230.99037368024946,2.500000000000001,0.031418217256314225
48.976971868830866,230.45248248852087,2.500000000000001,0.022854329008574942
49.04479246885646,229.9135066921335,2.500000000000001,0.009942687461016368
49.1103120359592,229.3734575170607,2.500000000000001,0.00016496226426804768
49.17355914755156,228.83234410328114,2.500000000000001,0.005217988531786592
49.234574652498424,228.2901784324023,2.500000000000001,0.005169679807269622
49.29338326613523,227.74696705902386,2.500000000000001,3.790657415097987e-06
49.350021958708666,227.20272457698127,2.500000000000001,0.010175751042903424
49.404522625344455,226.65746413458317,2.500000000000001,0.02263461875083789
49.45692045125856,226.1112019801749,2.500000000000001,0.030060986165567165
49.50724221695084,225.56395146673097,2.500000000000001,0.0264913160039357
49.55551921290176,225.01572974731988,2.500000000000001,0.015034343727337253
49.6017788427258,224.4665536089101,2.500000000000001,0.0038773123487351965
49.64605668214504,223.9164451795377,2.500000000000001,0.0027011216959587424
49.68838352692025,223.36542566421437,2.500000000000001,0.004610526358861158
49.72879025206845,222.8135176633851,2.500000000000001,0.002175652739861673
49.76731161077419,222.26074681558504,2.500000000000001,0.004245382267210993
49.8039742023974,221.70713637970596,2.500000000000001,0.013393301044805128
49.838809765634124,221.1527130040622,2.500000000000001,0.021698887734834315
49.87185029943816,220.5975044952589,2.500000000000001,0.024111657659613244
49.90313340989865,220.04153970455133,2.500000000000001,0.019290411576567305
49.93268787422199,219.48484839451666,2.500000000000001,0.01128968070813234
49.960546903775565,218.9274611246315,2.500000000000001,0.004714521238757686
49.98674014830994,218.36940776284962,2.500000000000001,0.00114276048563772
50.01130610545634,217.81072178942026,2.500000000000001,7.731537667452015e-05
50.03427846581282,217.25143513167066,2.500000000000001,0.0002490516849229607
50.05569490667156,216.6915811584998,2.500000000000001,0.0002420484098171082
50.07558439898651,216.1311904773509,2.500000000000001,0.00023486359274828863
50.09398093449522,215.57029515548962,2.500000000000001,0.0002276751705463182
50.11091835125167,215.00892696307463,2.500000000000001,0.00022048325466787527
50.12643020878743,214.4471172230785,2.500000000000001,0.00021328795654143874
50.14054574166211,213.8848955442562,2.500000000000001,0.00020608938754048688
50.15330254724229,213.32229329628373,2.500000000000001,0.00019888765896890898
50.16473268477825,212.75933945708752,2.500000000000001,0.00019168288212293816
50.174871760521526,212.19606295211625,2.500000000000001,0.00018447516823710418
50.183746031452685,211.63248949731624,2.500000000000001,0.00017726462845850082
50.19138260277588,211.06864380966567,2.500000000000001,0.00017005137395297853
50.19781725091237,210.5045516358601,2.500000000000001,0.00016283551582932482
50.203084591061106,209.94023725599078,2.500000000000001,0.00015561716512970316
50.207210757370845,209.3757211389024,2.500000000000001,0.0001483964329251986
50.2102235968525,208.8110228900862,2.500000000000001,0.00014117343018462547
50.21216071534787,208.2461629232551,2.500000000000001,0.00013394826782583898
50.21305585356525,207.68115893640947,2.500000000000001,0.0001267210568059172
50.212944530754385,207.11602728133053,2.500000000000001,0.0001194919080397198
50.2118645125318,206.55078297288276,2.500000000000001,0.00011226093237378153
50.20986027994095,205.98544048378957,2.500000000000001,0.00010502824062110102
50.20697048096655,205.42001136818809,2.500000000000001,9.779575542665689e-05
50.203238659752586,204.85450605879342,2.500000000000001,9.059640576602592e-05
50.198721413960776,204.28893579772915,2.500000000000001,8.351410515066865e-05
50.19347864559969,203.72331058473534,2.500000000000001,7.662604567631468e-05
50.18756616754625,203.1576373961549,2.500000000000001,6.995731489999377e-05
50.181045953596744,202.59192269756682,2.500000000000001,6.350872720531563e-05
50.173994012670576,202.02617387020555,2.500000000000001,5.728041191907543e-05
50.166486186504095,201.46039640897547,2.500000000000001,5.127248847192787e-05
50.15860321020536,200.8945950840085,2.500000000000001,4.548506676116949e-05
50.15043039766163,200.32877401512246,2.500000000000001,3.991824751328132e-05
50.14206121170173,199.76293739614798,2.500000000000001,3.457212265736053e-05
50.133583557042016,199.19708743685365,2.500000000000001,2.944677562045861e-05
50.125093272276175,198.6312267204887,2.500000000000001,2.454228168920146e-05
50.11668793547743,198.06535740894867,2.500000000000001,1.9858708332543924e-05
50.108465830313435,197.49948130021926,2.500000000000001,1.5396115563112058e-05
50.10052073325997,196.93359936554614,2.500000000000001,1.1154556348075406e-05
50.09295377707224,196.36771354867548,2.500000000000001,7.134076853648366e-06
50.08585780987404,195.80182476117324,2.500000000000001,3.334716783779518e-06
50.079321349202104,195.23593370825319,2.500000000000001,2.434901595391124e-07
50.07343133609292,194.67004135212392,2.500000000000001,3.6005160098615647e-06
50.068254607193246,194.10414715031976,2.500000000000001,6.736338231426699e-06
50.06386831529755,193.538252389299,2.500000000000001,9.650939297849027e-06
50.060325967929074,192.972356709931,2.500000000000001,1.2344306409252076e-05
50.05767615858487,192.4064602446014,2.500000000000001,1.4816431121200946e-05
50.05595645759678,191.84056306967662,2.500000000000001,1.7067308940158328e-05
50.05518871383148,191.2746649569079,2.500000000000001,1.909693909622398e-05
50.05539185538433,190.70876628364437,2.500000000000001,2.090532416102612e-05
50.0565672886004,190.14286694324107,2.500000000000001,2.2492469632213205e-05
50.0587083812623,189.5769670069204,2.500000000000001,2.3858383678545756e-05
50.06178343516386,189.01106589142867,2.500000000000001,2.5003076774360965e-05
50.06576387398434,188.44516371500404,2.500000000000001,2.5926561306194997e-05
50.07060392570704,187.87926056052308,2.500000000000001,2.662885128470442e-05
50.07624808986103,187.31335600685793,2.500000000000001,2.710996201796026e-05
50.08263337895719,186.7474499283099,2.500000000000001,2.7369909701262428e-05
50.08968518055286,186.181542111281,2.500000000000001,2.740871109571262e-05
50.09733180082317,185.61563263742178,2.500000000000001,2.7228195612131796e-05
50.105491384955634,185.04972137439282,2.500000000000001,2.6861205100755213e-05
50.11407867320417,184.48380819203777,2.500000000000001,2.6391557948323897e-05
50.123006425264116,183.91789297119303,2.500000000000001,2.5896319899463558e-05
50.13218681065298,183.3519756067999,2.500000000000001,2.540043394235834e-05
50.14153682256923,182.7860560000838,2.500000000000001,2.4904574524688946e-05
50.150962156611115,182.22013409259273,2.500000000000001,2.440874111839184e-05
50.16038601829465,181.65420980829725,2.500000000000001,2.3912933206474435e-05
50.16973028721754,181.08828309401656,2.500000000000001,2.3417150283036313e-05
50.17892167140815,180.52235390801488,2.500000000000001,2.292139180333866e-05
50.18789234027542,179.95642221957985,2.500000000000001,2.2425657261402408e-05
50.19658038378564,179.39048800855983,2.500000000000001,2.19299461623305e-05
50.20493009722744,178.8245512648623,2.500000000000001,2.1434257966830082e-05
50.212892095909666,178.25861198791847,2.500000000000001,2.093859215776091e-05
50.220423268731004,177.69267018611814,2.500000000000001,2.04429482401661e-05
50.22748658364736,177.126725876222,2.500000000000001,1.9947325669138735e-05
50.234050761548865,176.56077908275637,2.500000000000001,1.945172392746984e-05
50.24008983787692,175.99482983739873,2.500000000000001,1.8956142520119237e-05
50.245582633424675,175.42887817836032,2.500000000000001,1.8460580913205285e-05
50.25051215715638,174.86292414977143,2.500000000000001,1.7965038600552996e-05
50.254864964565186,174.2969678010775,2.500000000000001,1.7469515064874837e-05
50.25863049509199,173.7310091864502,2.500000000000001,1.6974009777775043e-05
50.26180041149869,173.1650483642191,2.500000000000001,1.6478522221922847e-05
50.264367962885835,172.5990853963278,2.500000000000001,1.598305189106351e-05
50.266327391337015,172.0331203478176,2.500000000000001,1.5487598273382308e-05
50.26767340003074,171.46715328634167,2.500000000000001,1.499216082377376e-05
50.26840069816624,170.90118428171087,2.500000000000001,1.4496739030381433e-05
50.26850363527393,170.3352134054711,2.500000000000001,1.4001332403507956e-05
50.26797593450198,169.76924073051399,2.500000000000001,1.3505940420186001e-05
50.26681053135737,169.2032663307175,2.500000000000001,1.3010562546328799e-05
50.264999521202604,168.63729028061843,2.500000000000001,1.2515198258928476e-05
50.26253421563112,168.07131265511242,2.500000000000001,1.2019847046059788e-05
50.25940530472663,167.50533352918228,2.500000000000001,1.1524508401320868e-05
50.25560311921457,166.93935297765097,2.500000000000001,1.1029181818297376e-05
50.2511179836917,166.37337107495827,2.500000000000001,1.0533866762828656e-05
50.245940649528805,165.80738789495956,2.500000000000001,1.0038562700756473e-05
50.24006814723684,165.24140351105012,2.500000000000001,9.543269125631294e-06
50.23348989564104,164.67541799523275,2.500000000000001,9.047985530993948e-06
50.22620155369991,164.1094314186415,2.500000000000001,8.552711404831276e-06
50.21820154658018,163.54344385122624,2.500000000000001,8.057446212924584e-06
50.20949168229531,162.97745536164786,2.500000000000001,7.562189437693842e-06
50.200077748775634,162.4114660171926,2.500000000000001,7.066940572657409e-06
50.189970072865165,161.84547588370484,2.500000000000001,6.57169910019294e-06
50.179184023583865,161.2794850255406,2.500000000000001,6.076464491593802e-06
50.16774453463912,160.71349350734658,2.500000000000001,5.581236234824373e-06
50.1556731967403,160.14750138820017,2.500000000000001,5.086013812244956e-06
50.14300295789735,159.58150872800903,2.500000000000001,4.590796700685879e-06
50.12977291944779,159.01551558519557,2.500000000000001,4.0955843936123394e-06
50.11602836855632,158.4495220167614,2.500000000000001,3.60037635118515e-06
50.101820690605514,157.88352807837293,2.500000000000001,3.105172089052362e-06
50.08720716166189,157.31753382446772,2.500000000000001,2.6099711006618798e-06
50.0722506244782,156.75153930838016,2.500000000000001,2.1147728073520025e-06
50.057019054665375,156.1855445824847,2.500000000000001,1.6195767081006732e-06
50.0415850266252,155.61954969835523,2.500000000000001,1.1243823240778167e-06
50.02602509146556,155.0535547069365,2.500000000000001,6.291891321009304e-07
50.010419081325736,154.48755965872562,2.500000000000001,1.3399659230635308e-07
49.994849356235726,153.92156460395972,2.500000000000001,3.6119583515165755e-07
49.97940001075606,153.3555695928051,2.500000000000001,8.563886401736609e-07
49.96415605815099,152.7895746755445,2.500000000000001,1.3515823182541278e-06
49.94920260972585,152.2235799027575,2.500000000000001,1.8467774037112323e-06
49.934614621418525,151.65758532320427,2.500000000000001,2.3419744363498756e-06
49.92048380514926,151.09159099082206,2.500000000000001,2.837173928272491e-06
49.906890165158316,150.52559695787025,2.500000000000001,3.3323763583423517e-06
49.89391072346277,149.9596032774728,2.500000000000001,3.827582266379144e-06
49.88161886055896,149.39361000369752,2.500000000000001,4.322792197741153e-06
49.87008372148466,148.8276171916044,2.500000000000001,4.81800665898307e-06
49.859369689758765,148.26162489726326,2.500000000000001,5.313226145578267e-06
49.849535929005214,147.69563317773654,2.500000000000001,5.808451164051651e-06
49.84063598957481,147.12964209102614,2.500000000000001,6.3036822652815485e-06
49.83271747532061,146.56365169598493,2.500000000000001,6.7989199779998345e-06
49.82582176396861,145.99766205219078,2.500000000000001,7.294164792094433e-06
49.81998377333321,145.43167321978513,2.500000000000001,7.789417208517657e-06
49.81523176501297,144.86568525927575,2.500000000000001,8.284677772590878e-06
49.81158717719252,144.29969823130648,2.500000000000001,8.779947013000039e-06
49.809064478765514,143.73371219639483,2.500000000000001,9.275225419596814e-06
49.80767103814329,143.16772721464042,2.500000000000001,9.770513509945816e-06
49.80740700176382,142.6017433454068,2.500000000000001,1.02658118237872e-05
49.80826517936801,142.03576064697972,2.500000000000001,1.0761120878659913e-05
49.810230935459366,141.4697791762054,2.500000000000001,1.1256441175470619e-05
49.81328208887377,140.90379898811122,2.500000000000001,1.1751773226203812e-05
49.817388824924045,140.33782013551397,2.500000000000001,1.2247117564988243e-05
49.8225136270055,139.77184266861724,2.500000000000001,1.2742474709330135e-05
49.8286112367154,139.2058666346035,2.500000000000001,1.3237845160086415e-05
49.83562865332598,138.63989207722233,2.500000000000001,1.3733229445807904e-05
49.84351053824451,138.0739190330268,2.500000000000001,1.422862809504252e-05
49.85217953683884,137.50794754336204,2.500000000000001,1.4723861569477303e-05
49.861564180608326,136.94197763654174,2.500000000000001,1.5212752758100978e-05
49.8715818292104,136.3760093349211,2.500000000000001,1.567654978179453e-05
49.88214316150127,135.81004264862324,2.500000000000001,1.609515433106962e-05
49.893152705688415,135.2440775912491,2.500000000000001,1.6460815529487557e-05
49.90451480549703,134.6781144019083,2.500000000000001,1.677312513029358e-05
49.91611989193181,134.11215305010555,2.500000000000001,1.7032080872495e-05
49.92785857820074,133.54619358117964,2.500000000000001,1.7237680327020364e-05
49.93961857011488,132.98023604325545,2.500000000000001,1.7389920994372267e-05
49.95128043878492,132.4142802109686,2.500000000000001,1.7488800391217557e-05
49.96273860128443,131.84832663377605,2.500000000000001,1.7534315898500367e-05
49.973874952296825,131.28237517901545,2.500000000000001,1.7526464848010217e-05
49.98457220634571,130.71642569583815,2.500000000000001,1.7465244625613602e-05
49.994725655697096,130.1504784964759,2.500000000000001,1.7350652630262734e-05
50.0042313624878,129.58453372572583,2.500000000000001,1.718268629402061e-05
50.01299167160161,129.0185915733597,2.500000000000001,1.696134307436118e-05
50.020921934596025,128.45265273695205,2.500000000000001,1.6686620474202358e-05
50.027937428491754,127.88671730458779,2.500000000000001,1.6358516156199157e-05
50.0339678148245,127.32078572302086,2.500000000000001,1.5977027890665207e-05
50.0389541836833,126.75485852456201,2.500000000000001,1.5542153520137725e-05
50.04284472183456,126.18893578309302,2.500000000000001,1.5053891090313116e-05
50.0456099338026,125.62301869760412,2.500000000000001,1.45122388423535e-05
50.04723015552812,125.05710816647034,2.500000000000001,1.391719514970728e-05
50.0477001190765,124.49120528133449,2.500000000000001,1.3268758610213224e-05
50.04703450913663,123.9253121529318,2.500000000000001,1.2566928093849583e-05
50.04525366406972,123.3594299223084,2.500000000000001,1.1811702701762128e-05
50.04239651915202,122.7935605165591,2.500000000000001,1.1003081797379352e-05
50.03851090543667,122.22770534720244,2.500000000000001,1.01410650652228e-05
50.033667270034776,121.66186766214342,2.500000000000001,9.225652475486406e-06
50.0279448569392,121.09605048047214,2.500000000000001,8.256844331794131e-06
50.02144004249198,120.53025839070324,2.500000000000001,7.2338351277421094e-06
50.01425101937337,119.96449478481527,2.500000000000001,6.122804233121755e-06
50.00649363524577,119.39876437665903,2.500000000000001,4.816176959908591e-06
49.99827754872863,118.83307138947578,2.500000000000001,3.1941606107947802e-06
49.989733386991695,118.2674227319651,2.500000000000001,1.2086419411285397e-06
49.980993002887224,117.7018252098591,2.500000000000001,1.1430750309842986e-06
49.97219713531026,117.1362878635181,2.500000000000001,3.854799101682278e-06
49.96347987454644,116.57081840777755,2.500000000000001,6.907754519001232e-06
49.954974833747066,116.00542506986723,2.500000000000001,1.0281813236354633e-05
49.946828814679705,115.44012091216453,2.500000000000001,1.3969192296995596e-05
49.93917375485497,114.87491662967238,2.500000000000001,1.796944614120817e-05
49.932137077853525,114.30982395214056,2.500000000000001,2.228252698234022e-05
49.925850730136034,113.74485794557799,2.500000000000001,2.6908377843206573e-05
49.92043726589374,113.18003400570551,2.500000000000001,3.184693191662684e-05
49.91601295403484,112.61536883645547,2.500000000000001,3.709811188695514e-05
49.91268711594264,112.05088047320179,2.500000000000001,4.266182922904742e-05
49.91056671627842,111.48658999140619,2.500000000000001,4.8537983506920564e-05
49.90974224419074,110.92251710462102,2.500000000000001,5.4726461661055946e-05
49.91030016576973,110.35868411226136,2.500000000000001,6.122713738391113e-05
49.91231392312975,109.79511299381426,2.500000000000001,6.803987037854894e-05
49.91586284241682,109.23183176259501,2.500000000000001,7.516450564453953e-05
49.92100620756296,108.66886557297111,2.500000000000001,8.260087285194357e-05
49.92779505796586,108.1062406021374,2.500000000000001,9.034878563713876e-05
49.93628260387586,107.54398712187637,2.500000000000001,9.840804084801395e-05
49.94651223421426,106.98213537605541,2.500000000000001,0.00010677841788273892
49.958522135411,106.42071677167468,2.500000000000001,0.00011545967802770121
49.972351065752996,105.8597657264563,2.500000000000001,0.0001244515637281356
49.98802562285926,105.29931447411414,2.500000000000001,0.00013375379789112258
50.00556848257405,104.73939559870018,2.500000000000001,0.00014336608317086253
50.025008828981875,104.18004582285042,2.500000000000001,0.00015328810133617392
50.0463709134659,103.62130102845127,2.500000000000001,0.00014124942780034192
50.069683656215076,103.06319964058312,2.500000000000001,0.0010623826692016045
50.094967879268495,102.50577725916054,2.500000000000001,0.0071409370067550045
50.12224931509673,101.94907123515404,2.500000000000001,0.01869179294781358
50.15155039817554,101.39311707209728,2.500000000000001,0.02752997597360589
50.18290415568232,100.83795376140532,2.500000000000001,0.025137889683175825
50.21634239926347,100.28361861155457,2.500000000000001,0.014243148620178009
50.25189984483187,99.73014870872734,2.500000000000001,0.004257396960851036
50.28961904279296,99.177580897419,2.500000000000001,0.001065456192473495
50.329521326050106,98.62593557764458,2.500000000000001,0.0033376152056539534
50.3716461648464,98.07524386714866,2.500000000000001,0.003609211486358151
50.41603448491413,97.52553448385177,2.500000000000001,0.0018827311773491606
50.46272421849997,96.97683356952002,2.500000000000001,0.002023403267102146
50.51176288419698,96.42916418438332,2.500000000000001,0.00827158738749799
50.56318796715786,95.88254891152951,2.500000000000001,0.016263678154081942
50.61704278325888,95.33700053991465,2.500000000000001,0.023310811221871924
50.67336458780232,94.79252918438644,2.500000000000001,0.025719609577059706
50.73218645168857,94.24913895698967,2.500000000000001,0.021486698466247674
50.79353992928997,93.70682366917632,2.500000000000001,0.010996093524188368
50.85743770572946,93.16557784262694,2.500000000000001,0.0007359522664119243
50.923893488568716,92.62537834952661,2.500000000000001,0.00509530088449892
50.99291031715769,92.08619019098863,2.500000000000001,0.002841063501476379
51.06447017328729,91.54797131062882,2.500000000000001,0.019649119144432237
51.13854178459139,91.01066239351708,2.500000000000001,0.032862049588586156
51.215074613026175,90.4741872362119,2.500000000000001,0.03004117714216305
51.29399577926508,89.9384503131687,2.500000000000001,0.014742061696797551
51.37522128131964,89.40335141038177,2.500000000000001,0.003323372959855829
51.45864228153172,88.86877058192104,2.500000000000001,0.005892986830859846
51.5441079500416,88.33454904778186,2.500000000000001,0.019634545295986603
51.63143301808632,87.80049959750002,2.500000000000001,0.03177886818028116
51.720394069825886,87.26640364072371,2.500000000000001,0.029494091554935237
51.810721564966514,86.73201153609007,2.500000000000001,0.015301757328232668
51.902107317516354,86.19703058706611,2.500000000000001,0.004261894618064433
51.994194591479655,85.66112714903048,2.500000000000001,0.006408928304103476
52.0865619414396,85.1239334867067,2.500000000000001,0.019849923158953345
52.17874153843088,84.58502829102936,2.500000000000001,0.032296821180745526
52.27020639688812,84.04394530451901,2.500000000000001,0.02923852400215468
52.36035761866608,83.50016932164965,2.500000000000001,0.00795267767548711
52.44854097552801,82.95313221110266,2.500000000000001,0.01769896513954747
52.534028528291515,82.4022215956832,2.500000000000001,0.027522827420552485
52.6160287343801,81.84677402955833,2.500000000000001,0.013232688059467658
52.69368375455478,81.2860797655058,2.500000000000001,0.011389276100439405
52.76607136499098,80.71938649555987,2.500000000000001,0.025863699397895668
52.832208556123526,80.1459050261782,2.500000000000001,0.02814552558582135
52.891035341930944,79.56479989079979,2.500000000000001,0.03070718753305374
52.9414619859023,78.97522554209172,2.500000000000001,0.03528135455529477
52.98235319890013,78.3763247006247,2.500000000000001,0.03128373761619714
53.01254217174647,77.76724116024461,2.500000000000001,0.015439473678020225
53.03084803317403,77.14713666908577,2.500000000000001,0.0031522553794861015
53.03607710198156,76.51520232485686,2.500000000000001,0.01433456558165232
53.0270518006656,75.87068246517973,2.500000000000001,0.013221950459289871
53.002620416070066,75.21289196408594,2.500000000000001,0.0027778042337696
52.96169088684122,74.54124375129395,2.500000000000001,0.007923132142632672
52.90324028848281,73.85526772791032,2.500000000000001,0.01599014563441728
52.826346772671094,73.15463904020747,2.500000000000001,0.025267686204391307
52.730200234211054,72.43919816075964,2.4809039323247033,0.03210608314672835
52.61413411606323,71.7089794082186,2.4809039323247033,0.025329567315736733
52.47765953934859,70.9642395168307,2.4809039323247033,0.004129739763640266
52.320476690230066,70.2054769269502,2.4809039323247033,0.012208069277792888
52.142501245715366,69.433455544,2.4809039323247033,0.00545002295682099
51.943886161565636,68.64922629333644,2.4809039323247033,0.014424670382488838
51.72504355370501,67.85413951572976,2.4809039323247033,0.022811225777566165
51.48663971852308,67.04986041708769,2.4809039323247033,0.01323822101556202
51.22964127681556,66.23838282561397,2.4809039323247033,0.0006553962211551375
50.95529075096802,65.42202400047837,2.4809039323247033,0.0024104742229701724
50.66512533055817,64.60342834501378,2.4809039323247033,0.01677957964716087
50.360960891717774,63.785556560636564,2.4809039323247033,0.0520097104820705
50.04491054007807,62.97167633054287,2.4809039323247033,2.1582017300784844
49.719343240957585,62.16533726444289,2.4809039323247033,0.18829697346690102
49.38687287725078,61.370345181306554,2.4809039323247033,0.01697498337494914
49.05033636944325,60.59072880871314,2.4809039323247033,0.002008994179757192
48.71274998111301,59.83070047511081,2.4809039323247033,0.001981729095044455
48.37728614023822,59.0946089602999,2.4809039323247033,0.001709937492654045
48.04722411443467,58.38688996476547,2.4809039323247033,0.0014908252418202195
47.72591191071411,57.71201545389367,2.380903932324703,0.0015172225336880156
47.41670545118642,57.074429177538846,2.280903932324703,0.001761965451076332
47.12292392457528,56.4784895392734,2.180903932324703,0.0020230071253982
46.84780366987971,55.928410346448246,2.080903932324703,0.0020934384709985314
46.594446290312945,55.42819727988878,1.9809039323247029,0.0020233694459297976
46.365762147974024,54.981589184176315,1.8809039323247028,0.0020334879565993996
46.164412466767644,54.59199810098857,1.8000000000000003,0.0021290231240886303
45.99278045488692,54.262459225135835,1.7000000000000002,0.0020985616099541736
45.85290724205863,53.99557941193265,1.6,0.0018913144076567747
45.74648403902747,53.79349941655537,1.5000000000000002,0.0016917065738633193
45.674803565712686,53.65785579713588,1.4000000000000001,0.0012224387798967652
45.63874198736566,53.58975509181277,1.3,0.0008144507631628503
